SKU_ID,Jan-21,Feb-21,Mar-21,Apr-21,May-21,Jun-21,Jul-21,Aug-21,Sep-21,Oct-21,Nov-21,Dec-21,Jan-22,Feb-22,Mar-22,Apr-22
14571184,15,9,12,14,13,12,10,14,9,14,11,17,12,11,9,12
14571196,4,2,2,3,2,4,2,5,2,2,6,5,2,2,1,0
35383015,8,7,9,7,10,8,7,9,8,7,3,3,3,5,3,3
37100111,,,,,,,1,,,,,,0,0,0,0
37100125,,,,,,,,,,,,3,6,4,7,0
37100130,1,,2,,,,,,,,1,,0,0,0,0
37100140,3,3,3,4,3,3,3,4,1,4,6,4,3,4,2,0
37100220,3,2,,,,,2,1,,2,2,2,0,0,0,0
37100221,3,2,4,5,3,6,2,3,1,3,3,1,2,3,2,0
37100926,3,,,,,2,1,1,,,,,0,0,0,0
37200125,,,,,,,,,,,,1,3,1,1,0
37200926,3,,,,,,,1,1,,,1,0,0,0,0
37200930,,,,,1,,,,,1,,,0,0,0,0
37300412,6,6,6,5,7,5,,5,3,6,7,8,3,4,1,0
37300417,4,7,4,5,4,5,3,3,4,3,5,5,5,3,2,0
37300450,5,3,1,5,2,5,4,2,3,3,1,5,1,2,3,0
37300806,3,1,4,1,3,1,1,1,1,5,3,5,1,2,4,0
37400160,4,2,4,4,5,7,6,5,5,7,8,7,6,3,3,0
37400311,2,1,,,,,,,,,,,0,0,0,0
37500019,,,2,2,4,12,11,,,2,,,0,0,0,0
37500020,9,7,9,8,7,13,9,5,3,5,6,4,3,2,2,0
37500300,6,8,6,7,9,15,9,10,4,10,7,7,5,6,2,0
37500330,,1,,,,1,1,,,,,,0,0,0,0
37500331,9,11,13,3,,,,,,,,,0,0,0,0
37500332,9,14,18,11,13,17,10,5,4,6,,,0,0,0,0
37500334,13,14,17,9,4,,,,,,,,0,0,0,0
37500336,3,5,5,4,3,3,4,5,2,2,5,2,3,7,6,0
37500337,,,,,,,,1,,3,6,4,2,0,0,0
37500400,2,2,4,3,2,3,6,2,2,2,2,4,0,2,1,0
37500430,11,2,1,,7,16,14,5,5,11,10,7,5,4,3,0
37500431,,,,,,,,,,,,2,2,2,2,0
37500432,5,2,,5,7,10,7,7,2,7,6,4,3,4,5,0
37500435,8,,7,10,11,13,9,8,3,8,4,4,3,3,1,1
37500436,2,2,3,6,,2,5,4,,3,3,2,2,1,1,1
37500437,2,2,1,3,5,4,4,9,3,7,4,7,7,5,4,0
37500700,4,9,6,3,5,4,6,4,3,10,5,7,4,4,4,0
37500954,2,2,2,1,3,3,4,2,1,2,6,2,2,1,1,0
37500956,,2,1,3,2,3,6,1,2,2,4,2,4,3,2,0
37500960,1,,,,,,,,,,,,0,0,0,0
37500961,1,,,1,,,,,,,,,0,0,0,0
37500964,4,2,4,1,9,6,7,8,3,8,5,7,12,6,3,0
37500965,6,9,9,4,8,7,2,7,3,5,7,8,10,6,4,0
37500966,,,,,,,,1,,,,,0,1,0,0
37500969,5,3,3,,,,,3,,,2,,2,0,1,0
37600202,15,16,11,9,13,11,5,9,6,7,,,0,12,8,0
37600302,3,4,5,2,1,,1,5,2,,,,0,0,0,0
37600303,2,5,6,2,2,5,3,3,4,6,5,6,6,6,3,0
37600320,6,11,10,11,11,16,12,6,2,6,7,3,4,4,2,0
37600321,8,6,5,6,10,12,13,11,4,9,11,,0,0,0,1
37600322,7,10,7,3,9,16,10,6,3,4,9,4,6,3,1,0
37600323,13,3,6,16,11,13,10,8,4,10,4,,0,0,0,0
37600324,,8,7,7,9,19,13,3,2,3,5,2,6,1,1,0
37600325,13,11,13,11,5,10,12,5,4,6,6,3,9,7,2,0
37600327,2,,3,2,,1,1,2,,3,9,4,0,0,4,0
37600328,2,2,,1,,1,1,1,,,2,,4,0,0,0
37600405,13,9,10,7,7,10,10,7,6,13,10,7,16,12,9,0
37700012,9,5,6,5,9,10,7,7,6,7,7,10,6,3,7,0
37700100,8,7,5,7,8,10,6,9,5,10,8,10,7,6,11,0
0DK01510,4,3,,,,,,,,,,,0,0,0,0
0DK35180,,,,,2,,,2,,2,,,0,1,1,0
0DK35280,8,4,5,4,3,3,2,4,2,5,5,4,4,3,6,4
0FK01820,1,2,,1,1,,2,1,1,1,2,1,1,2,1,1
0FK30730,13,11,11,8,11,10,9,13,7,2,3,1,0,0,6,1
0LK00110,,,,,,,,1,,2,2,5,2,3,5,0
0LK00120,4,12,7,6,,6,2,4,4,2,,1,8,5,3,7
1FU00016,2,,,,,,,,,,,,0,0,0,0
2AK01910,4,2,4,4,4,1,2,2,3,3,6,4,4,3,5,3
2AK04010,2,,2,1,1,2,1,1,1,1,2,2,2,0,1,1
2AK05281,7,9,3,4,5,4,,,,,,,0,0,0,0
2AK05381,4,6,2,2,3,4,3,4,1,,,,0,0,0,0
2AK05430,2,,,1,,1,,1,,,1,,1,0,0,1
2AK05530,8,4,5,7,5,5,7,8,5,6,6,8,8,5,8,6
2AK05630,5,3,3,6,4,2,3,3,4,3,2,3,2,4,5,4
2BK42310,8,9,11,10,9,8,7,9,6,7,9,6,7,1,2,6
2C640001,7,5,6,6,6,6,7,17,7,2,,,11,11,9,7
2C640002,,,,,,1,,,,,,,0,0,0,0
2CK05910,13,14,15,11,13,9,9,8,12,13,12,11,12,9,11,11
2CK06010,4,5,4,4,4,4,4,4,3,5,3,3,4,3,4,4
2CK13811,9,7,7,6,8,5,6,10,8,7,10,4,10,8,5,4
2CK14020,1,1,1,3,2,3,1,3,1,,,,0,0,0,0
2FK32753,7,6,5,10,10,5,7,4,5,6,6,6,6,5,6,7
2HK38020,3,4,2,3,1,3,1,3,3,3,2,3,5,2,2,1
2KK50110,2,1,,2,2,1,,2,1,,2,1,0,1,1,0
2MK55810,3,2,3,3,3,5,4,3,4,8,5,,0,0,2,5
2N143002,7,5,6,5,6,7,7,5,1,9,8,6,10,4,6,2
2O422003,9,11,9,8,6,10,6,7,4,10,7,12,7,7,7,4
2OK52810,14,16,18,13,14,14,9,9,10,14,14,13,16,11,9,7
2OK52813,15,14,18,18,12,13,13,14,12,21,18,13,20,9,9,6
2PK00110,,,,,,,,1,,,2,,0,1,0,0
2PK41310,1,,,1,,1,,1,,1,1,1,0,2,2,1
2PK69330,1,2,1,2,1,,1,,2,2,1,2,1,1,1,0
2R012490,1,2,,,1,1,1,1,1,1,2,1,1,1,2,1
2R013490,2,2,,1,,1,,1,,1,2,1,1,0,1,0
2R014490,,,,,,1,1,1,2,1,1,1,3,1,1,1
2RK01589,1,,1,1,2,1,1,1,3,1,1,1,2,0,2,1
2ST03280,1,1,1,1,2,2,1,2,1,1,2,2,0,2,1,1
2ST04980,5,4,5,7,8,4,8,6,3,8,6,7,6,4,6,8
2T940030,,2,1,,1,2,,,1,1,1,,1,1,0,0
2TK43610,5,4,4,3,7,5,7,5,4,4,4,5,6,4,3,5
3A013550,6,11,3,8,6,13,5,,4,8,6,1,10,3,0,8
3A100000,1,,,,1,,,,,,,2,1,2,1,1
3A171800,5,2,2,7,7,3,4,11,9,13,18,12,2,5,3,0
3A300000,2,,,,1,1,,1,,,,,1,0,0,0
3A301000,15,6,11,15,13,10,10,22,10,10,9,3,8,0,0,0
3AK01310,3,4,2,7,4,3,2,3,3,7,4,3,3,2,0,6
3AK01710,,,,1,,1,,,,,1,,3,0,0,0
3AK01801,,,,,,,,1,1,,,1,1,0,1,0
3AK01820,12,11,12,9,11,10,15,23,11,20,12,17,16,7,12,10
3AK05810,6,7,6,6,7,9,7,12,6,13,8,8,7,5,4,4
3AK07210,2,1,1,1,1,1,2,2,4,6,1,3,1,2,2,1
3AK10814,4,2,4,4,3,3,3,3,6,5,5,5,2,2,10,2
3AK10816,5,4,6,5,5,5,6,9,6,7,6,7,10,8,9,8
3AK58610,1,4,3,1,1,2,1,,,,,,1,3,2,1
3AK58611,,,,,,2,,,,,1,,0,0,0,1
3AK77510,6,5,8,9,7,5,7,4,5,4,5,5,3,4,5,4
3BK03710,1,1,,,1,1,,,1,,1,,1,0,0,0
3BK03810,,,,,1,,,1,,,,,1,0,0,0
3CK01011,3,2,3,5,3,4,1,5,2,2,3,2,3,2,4,3
3CK07310,,,,,,1,,1,2,1,,,0,1,0,0
3CK07410,,1,,,,,,,,1,,,0,0,0,0
3CK07510,,,,,,,,,,2,1,,0,0,0,0
3DK01410,2,2,,1,2,1,1,1,1,1,2,2,1,1,1,1
3DK03271,,,,,1,,1,,,,1,,0,0,0,0
3DK03610,,,,,,,,,1,,,,0,0,0,0
3E195030,9,6,7,8,6,10,8,7,6,10,7,8,11,6,9,7
3EK00210,1,3,,,1,,1,,,,,,0,0,0,0
3EK03910,11,11,7,7,8,9,10,10,6,6,6,6,7,7,8,8
3EN38780,2,1,5,4,6,5,3,4,3,5,3,4,3,0,0,0
3EN38880,2,2,1,1,,2,2,1,1,1,1,2,0,0,0,0
3F750060,,1,2,,1,,,1,,,,,0,0,0,0
3FK30910,3,7,6,6,4,11,3,3,2,4,2,4,3,7,3,0
3FK31410,11,11,8,9,8,8,8,11,7,9,5,6,6,5,4,6
3GM057R2,,,,,1,2,1,,,,,1,1,2,2,2
3L000351,5,5,5,4,8,7,8,6,7,8,9,6,6,7,1,0
3L425253,3,4,2,4,2,5,5,7,4,1,,,6,8,6,4
3MK33810,2,,1,2,1,,1,1,1,,1,3,1,3,2,2
3NK57021,1,9,7,6,5,8,,,,9,3,3,1,0,0,3
3NK57023,1,1,,,,,,,,,1,,0,1,2,0
3NT00481,2,3,2,3,2,2,4,3,2,5,3,3,3,0,0,4
3SK06310,,,1,,,,1,1,,1,,,0,0,0,0
3SK06410,1,1,,,,,,1,1,,1,,1,0,0,0
3TK03510,4,7,4,4,5,4,5,5,4,7,4,6,7,5,6,3
3TK03910,3,3,5,5,2,6,3,5,5,6,7,4,6,4,6,5
3TK05510,1,1,1,2,,1,,1,,,1,,2,0,0,0
3TK05520,,1,1,,,,1,1,,,,,0,2,2,0
3TK82410,1,3,,,2,1,2,2,2,2,2,2,2,2,2,2
3VK69511,1,,1,,,,,,,,,,0,0,0,0
7DK18410,9,7,7,8,10,7,3,10,8,9,10,11,9,10,0,1
8ILPFS03,6,4,4,4,6,4,3,6,2,5,6,7,5,3,6,4
AB172525,5,3,3,3,5,4,3,3,4,4,4,,10,1,4,3
AB177521,,,,,,3,1,1,4,3,5,5,3,3,3,4
AB190421,10,9,11,9,11,11,14,16,6,10,11,9,14,8,12,5
AB190423,9,8,7,9,7,7,8,7,8,5,2,2,4,1,2,2
AB190425,1,3,2,1,1,3,2,2,1,2,1,1,2,1,2,1
AB190427,3,3,3,2,3,2,4,2,1,2,1,2,2,1,2,2
AB714921,1,,3,1,1,,,,1,,,,1,0,1,0
AB726923,,1,,,2,,1,,1,,3,2,0,0,0,0
AB728029,8,4,5,3,,1,9,5,4,6,,3,5,5,2,4
AB736625,1,2,1,1,2,1,2,2,1,3,3,1,1,2,1,2
AB736737,2,2,1,1,1,1,1,1,2,2,2,,5,2,1,1
AB736837,,1,,,,,,,,,1,,2,2,1,0
ACR0020T,1,,,,,,,,,,,,0,0,0,0
ACTAV009,,1,1,2,,1,1,1,1,1,1,2,1,1,3,2
ACTAV010,2,2,1,2,3,2,2,1,1,1,2,1,1,1,2,0
ACTAV011,1,,2,2,2,1,2,2,1,1,2,2,1,0,0,1
ACTAV012,3,2,2,2,2,2,2,3,1,2,4,1,2,1,2,1
ACTAV014,1,,1,,,,1,,3,1,1,,1,0,0,0
ACTAV017,1,,1,,1,1,1,2,,1,,,0,0,0,0
ACTAV018,1,1,,,1,,4,,,1,1,,0,0,1,0
ACTAV020,,,,,,2,1,3,1,3,2,2,7,2,1,3
ACTAV025,3,4,5,9,9,9,5,4,1,,7,10,5,4,6,5
ACTAV027,6,7,6,2,,6,3,5,1,1,,2,9,8,7,7
ACTAV033,,1,1,,1,,,,,,,3,0,0,0,2
ACTAV041,,,,,,,,4,9,13,14,14,16,17,15,5
ACTAV042,,,,,,,,2,14,17,12,17,23,16,18,12
AE000006,,1,1,1,,2,1,1,1,3,1,1,2,2,0,2
AE000007,1,1,,2,2,3,3,4,3,5,3,3,2,3,1,0
AN097177,4,11,8,4,9,16,4,3,5,5,5,4,3,9,4,2
AS000004,1,,1,,,,,,,,2,,0,1,1,0
AS000005,,,,,1,,,,,,,,0,0,0,0
AS000006,2,2,,1,2,4,,3,4,4,7,6,3,5,7,4
AS000011,3,2,3,2,2,2,3,3,3,2,4,3,1,3,4,3
AS000014,,1,1,1,1,1,,2,1,1,,1,1,1,2,1
AS000015,,,,,,,,,,1,1,,0,0,0,0
AS000016,1,,,1,1,,,,,,1,2,1,1,1,0
AS000018,,,,,1,,1,1,,2,2,1,3,2,2,2
AS000021,2,4,5,2,3,2,,,,,,,0,0,0,0
AS000022,,,1,,,,,,,,1,,0,0,0,0
AS000023,,,,,,,,,,,,1,1,0,0,0
AS000024,3,4,5,3,2,3,3,2,3,1,4,4,5,3,6,5
AS000042,3,3,1,1,2,3,2,2,3,4,3,1,2,1,3,3
AS000045,,,,1,,,,,,1,,,0,0,0,0
AS000046,1,,,,,,,1,,1,,,0,0,0,0
AS000051,1,1,2,2,,2,1,2,,1,2,1,0,1,0,1
AS000055,,2,,,,,,,,,,,0,0,0,0
AS000067,,,,,,,,,,,,1,0,0,0,1
AS000068,7,2,4,5,6,5,5,4,1,4,6,3,4,2,3,2
AS000069,,,1,,,,,1,,,,,0,0,0,1
AS000078,3,2,3,3,4,3,1,2,2,4,2,2,3,2,3,3
AS000082,6,5,8,8,7,7,7,5,3,7,6,7,6,8,8,6
AS000086,2,2,4,1,5,2,1,3,2,2,4,2,4,3,4,2
AS000088,1,4,3,6,5,5,4,3,4,4,3,5,3,2,4,2
AS000108,1,2,3,3,1,3,2,3,1,4,3,1,3,3,3,3
AS000121,,,1,,,,,,,,,,0,0,0,0
AS000130,1,,,,,,,,,,,,0,0,0,0
AS000160,4,3,4,5,5,7,6,8,3,5,1,9,8,6,7,5
AS000188,,2,,1,1,1,,1,,,,,0,0,0,0
AS000228,2,,,1,,,,,,3,1,2,2,1,2,2
AS000332,,,,1,1,,1,,,1,,1,0,0,0,1
AS000333,2,1,,,1,,1,1,,,,2,0,0,2,0
AS000342,1,3,2,,,,,,,,,,0,0,0,2
AS000363,,,,,,,,,,1,,,0,0,0,0
AS000365,,,,,,1,,,,,1,,0,0,1,0
AS010009,,,2,2,1,1,1,1,3,2,1,1,1,1,2,1
AS010015,,,,1,1,,,1,,1,1,1,2,1,0,1
AS010016,,,,,,,,,,,1,,1,0,1,0
AS010017,3,2,1,2,2,2,2,2,2,1,3,,3,2,2,1
AS010018,3,5,4,6,6,7,3,8,7,8,10,7,6,7,9,6
AS010021,,,,,,,,,,,,1,1,1,2,1
AS010022,2,3,2,2,2,2,,1,2,3,3,2,2,1,5,1
AS010025,4,4,5,4,5,4,6,4,3,6,7,9,7,8,8,9
AS010031,3,2,2,2,5,4,3,5,2,3,5,5,3,4,4,3
AS010032,2,2,2,1,2,1,1,2,2,2,3,4,5,2,3,4
AS010033,2,1,1,1,,1,1,5,1,2,2,3,4,2,2,2
AS010034,,,,1,,1,,,,,,,0,0,1,0
AS010036,1,4,2,4,3,3,3,4,1,4,5,2,4,4,5,6
AS010037,3,4,4,,4,2,3,2,2,2,4,3,4,4,6,6
AS010043,,1,,1,,1,,1,1,3,1,3,4,2,3,3
AS010045,2,1,2,3,3,2,1,2,2,1,2,3,2,3,4,3
AS010047,2,,1,2,,,1,,1,1,,1,0,1,0,0
AS010048,1,1,,3,2,1,2,1,1,1,1,3,2,2,4,2
AS010051,,1,,,1,,,,,,,,0,0,1,0
AS010052,7,8,7,5,9,7,6,7,5,6,6,7,8,7,9,5
AS010056,,,,,1,1,,,,,,,1,1,1,1
AS010058,3,7,7,4,7,4,6,4,2,5,2,2,3,3,2,2
AS010060,1,,1,,,,2,,,,,,0,0,1,1
AS010061,,,,,,,1,,1,3,1,1,0,0,1,0
AS010062,,,,,1,,1,,,,,,0,0,0,0
AS010063,,,,,,,,1,,,,1,1,0,1,2
AS010064,,,,1,1,1,,,,,,,0,0,0,0
AS010069,3,1,1,1,4,1,2,,1,2,,,1,3,2,1
AS010071,,,1,,,1,,1,,,2,1,0,0,2,0
AS010073,,,,,1,,1,1,1,,2,,0,0,0,0
AS010076,3,2,4,2,1,5,4,3,2,3,3,3,3,4,3,3
AS010077,,,,,,1,,2,,,,1,0,1,1,1
AS010078,4,3,4,2,3,3,2,1,2,1,1,4,2,2,2,4
AS010079,1,3,1,2,,2,1,2,,3,2,1,1,2,1,3
AS010080,,,,,,,,,,,1,,0,0,0,0
AS010081,3,3,2,1,3,1,1,3,2,3,4,1,1,3,4,3
AS010082,,,,1,,,1,,,,,,0,0,0,0
AS010085,10,4,6,4,8,6,7,7,5,5,5,5,7,4,6,4
AS010086,9,3,7,4,5,5,4,6,4,5,6,5,6,6,5,4
AS010088,3,1,3,3,2,2,2,2,2,2,2,3,3,5,6,3
AS010090,5,4,4,5,4,4,5,5,3,6,3,6,5,5,4,3
AS010091,3,1,3,2,1,3,2,3,2,2,1,4,2,4,3,2
AS010092,,,,,2,,,,,,1,,1,0,1,0
AS010126,5,5,5,5,5,5,5,7,4,5,7,7,6,6,5,6
AS010164,,,,,,,1,,,,,,0,0,0,1
AS010171,1,,,,,,,,,,,,0,0,0,0
AS010177,2,1,1,3,5,2,3,4,3,4,4,2,1,2,3,1
AS010182,8,6,9,10,9,9,8,10,9,7,7,7,9,7,7,9
AS020002,4,5,4,5,5,5,6,3,4,4,4,5,4,5,4,2
AS030001,1,1,,2,1,2,1,2,1,,,1,0,1,0,0
AS030002,,1,,1,1,1,2,1,,1,,2,1,1,1,2
AS030003,,,,,1,,,,,,,,0,0,0,0
AS030011,,,2,4,4,3,4,4,2,3,6,5,6,4,7,4
AS030012,,1,,,,,,1,,,,,0,0,0,0
AS030026,2,2,4,1,2,2,2,1,4,2,2,2,2,3,3,2
AS030039,,1,,,,,1,1,,,1,1,0,1,0,0
AS030048,,,,,,,2,2,1,1,,2,0,1,0,1
AS040007,1,,1,1,1,2,,2,1,,2,1,2,2,2,2
AS040008,2,1,1,1,,1,3,2,1,2,3,1,3,2,3,2
AS040009,3,2,3,3,1,3,4,3,2,2,5,4,3,5,4,4
AS040010,1,1,,1,3,1,2,2,1,2,3,3,3,1,6,2
AS040011,,1,2,,1,1,1,2,1,,2,1,0,2,2,2
AS040020,,1,1,2,3,3,2,2,2,2,3,2,4,2,3,3
AS040021,4,,3,2,4,6,3,4,2,4,4,5,6,4,3,4
AS040022,5,4,3,3,3,4,5,4,4,3,4,4,4,3,4,4
AS040023,5,4,2,2,3,6,3,4,3,6,5,4,4,3,4,4
AS040024,7,5,4,3,6,5,7,6,3,7,9,8,6,5,8,6
AS040025,4,1,2,3,4,5,3,2,1,5,4,3,4,3,4,3
AS040027,1,1,2,,1,,,,,2,,1,3,0,1,2
AS040028,,,,,,,,,,,,1,0,0,1,0
AS040029,2,2,4,3,1,,3,1,1,2,2,2,3,1,2,1
AS040030,,2,2,1,1,2,4,1,1,2,2,1,1,2,1,2
AS040031,,1,,1,,1,1,1,,2,2,3,1,1,2,1
AS040043,6,4,4,5,5,2,6,7,3,3,4,5,4,3,5,4
AS040044,5,3,4,2,4,5,6,4,2,7,6,4,5,3,4,4
AS040045,5,5,5,4,4,6,3,15,8,13,13,8,11,1,3,3
AS040048,1,,1,,1,1,2,2,1,,3,1,1,0,5,2
AS040049,,,,,,,,,,,1,,2,1,1,1
AS040050,,,,,,,,1,,1,,,0,1,0,0
AS040051,9,7,7,1,1,,,1,1,2,1,,2,2,1,0
AS040052,,,1,,1,1,1,,1,,,,1,0,0,0
AS040054,3,2,3,3,3,4,2,5,3,7,6,5,8,9,6,6
AS040055,1,,,2,,1,1,1,,3,,1,1,2,1,0
AS040061,4,3,2,2,3,1,5,1,2,2,1,2,3,1,3,3
AS040063,1,1,1,,2,1,,2,1,1,2,1,1,1,1,1
AS040065,12,8,10,9,11,6,6,6,2,2,7,5,6,5,5,4
AS040068,,,,,,,1,1,,,2,1,0,2,1,1
AS040087,9,7,5,4,3,7,8,5,6,8,7,9,8,8,6,7
AS040093,1,1,,1,1,3,,1,1,,2,,0,0,1,1
AS040094,1,1,1,2,,3,1,1,1,1,2,1,2,1,1,2
AS040095,4,2,4,2,3,3,3,4,2,2,2,4,5,3,3,3
AS040101,1,2,,,,1,,,1,,1,1,1,1,1,0
AS040114,,1,,,1,,1,2,,1,1,2,1,1,1,1
AS040119,4,,3,3,2,2,3,3,2,2,4,3,4,3,3,4
AS040123,4,2,5,1,3,2,4,3,,,,1,1,1,1,1
AS040124,,1,1,,1,,1,,,1,1,,2,0,1,1
AS040143,2,,,,,,,,,,,,0,0,0,0
AS050001,,,,2,,,,,,2,1,,1,1,1,0
AS050002,5,2,6,4,5,5,4,6,4,4,6,6,6,4,5,5
AS050003,6,5,7,5,7,6,7,6,6,5,6,7,6,6,7,6
AS050005,2,1,2,2,3,4,3,3,3,2,3,3,3,3,4,2
AS050007,,1,1,2,2,1,,2,1,2,,2,1,2,2,2
AS050008,,,,,,1,,,,,,,0,0,0,0
AS050009,1,1,,,1,1,,,,,1,1,0,0,1,0
AS050023,5,2,2,2,4,4,5,7,2,3,4,4,4,3,4,3
AS050024,2,2,3,4,2,2,3,4,1,4,3,2,2,2,4,2
AS050025,3,2,1,2,1,2,2,1,2,,2,2,1,1,3,1
AS050026,1,1,,1,,2,,,,2,,,0,0,0,0
AS050029,3,3,4,4,2,,,,,,,,0,0,0,0
AS050033,,,,,,,1,,,,1,,0,0,0,0
AS050069,,,2,,,,1,1,,1,2,,1,0,0,1
AS050075,,1,2,1,1,,2,1,,,,1,3,1,2,1
AS050077,,1,,1,,,2,1,,2,1,,2,1,0,0
AS050081,,,1,1,1,1,2,1,,,1,,1,2,1,1
AS050085,,,1,,1,,,1,,,,,0,0,0,0
AS050086,1,,,1,,,,,,,,,0,0,0,0
AS050185,6,,,3,6,6,6,7,3,7,6,6,6,6,5,6
AS050237,,1,1,1,,1,1,,,1,1,1,2,2,2,1
AS050478,1,1,,,2,1,3,2,2,1,2,3,2,1,4,1
AS050481,3,1,6,2,3,7,6,4,4,2,7,3,4,2,5,3
AS050483,1,,1,,1,1,1,,2,2,2,,2,1,1,1
AS050585,,,1,1,3,2,3,2,1,1,1,,2,0,0,2
AS050613,,,,1,2,2,3,2,1,1,,,2,2,3,1
AS060001,,,,1,,,1,,,,1,1,0,1,1,0
AS060003,1,1,1,1,1,1,1,2,,1,1,1,1,1,2,1
AS060004,8,9,8,9,9,10,9,9,6,7,11,8,10,8,11,8
AS060005,8,6,8,6,7,6,6,5,6,6,7,7,8,4,6,7
AS060006,10,8,7,9,9,8,8,6,7,9,9,9,10,6,9,7
AS060007,6,4,5,2,6,4,4,3,5,4,6,5,4,4,5,4
AS060013,,,,,,,,,,,1,,0,1,1,0
AS060014,,,,,,1,,,,1,,,0,0,1,0
AS060015,1,3,1,2,,2,,,1,,1,2,3,1,3,0
AS060018,1,1,2,,1,1,2,1,1,1,2,1,3,1,2,1
AS060019,5,5,3,3,1,4,4,3,4,2,4,3,4,4,4,2
AS060033,,1,,,,,1,,,1,,1,1,1,0,0
AS080022,1,,,,,,,,,,1,,0,0,0,0
AS080033,,,,,1,,,,1,,1,,0,0,0,1
AS080037,,,,,,1,,,,,,,0,0,0,0
AS080051,,1,2,,,1,,,1,1,,,0,0,0,0
AS080052,2,,,,,1,1,1,1,,,1,0,2,1,1
AS100014,,,,,1,,,,,,,,0,1,0,0
AS100056,,2,1,,,,1,,,,,1,1,0,0,0
AS110005,3,3,4,2,2,3,3,3,,3,1,3,2,1,4,2
AS110006,2,3,3,2,2,4,2,1,1,3,3,1,1,3,4,2
AS110007,2,3,3,2,2,2,3,1,2,2,2,,3,1,1,1
AS110021,,,,,,,,,,,,1,0,1,0,0
AS110023,1,,,,,,,,,,,,0,0,0,0
AS110025,,1,1,1,,1,1,1,1,,,,0,0,0,0
AS110026,2,,,,,,,,1,,,,1,1,1,1
AS110049,,,,,,,1,,,,,,0,0,0,1
AS110050,,,,,,1,,,,,1,,0,0,0,0
AS110081,,,,2,,3,1,2,1,2,,1,0,0,0,0
AS110089,,,,,,,,1,,,,,0,0,0,0
AS110094,,2,,,,,1,,,,,,0,0,0,0
AS110100,,,,,,,,,,1,,1,0,0,1,0
AS110103,,,,,,,,,,,,1,0,0,0,0
AS110104,,,,,2,,2,,,,,,0,0,0,0
AS110125,1,2,,1,1,1,1,,,,,1,1,1,1,1
AS110159,1,,,1,1,1,,1,,,1,1,0,2,1,0
AS110165,12,9,13,10,11,10,9,9,7,7,6,9,13,8,9,10
AS110169,,,,,,,,,1,4,2,1,1,3,2,1
AS110173,1,2,1,2,2,1,2,1,2,2,2,3,3,2,4,2
AS110174,13,11,11,14,12,9,13,10,8,8,9,6,5,7,8,8
AS110177,1,1,,1,,1,1,,1,,,1,2,0,0,0
AS110178,4,6,4,4,6,5,5,5,4,1,3,3,5,4,5,5
AS110180,3,3,2,3,2,3,3,3,1,4,,1,0,1,0,1
AS110196,1,1,2,1,4,1,3,2,1,2,3,2,3,3,3,2
AS110204,1,,,,,,,,,,,,0,0,0,0
AS110222,,,,,,,,,,,2,,0,0,1,0
AS110260,1,,,,,,,,,,,,0,0,0,0
AS110268,5,5,6,3,5,6,3,8,3,5,6,5,6,4,10,4
AS110269,3,2,4,3,5,4,2,5,3,3,4,3,4,3,3,3
AS110333,,,,,,,,,1,1,1,,0,0,0,0
AS130030,,1,,1,1,,,,,,2,,0,0,0,0
AS130148,,1,1,1,1,1,1,2,3,4,4,3,3,2,3,1
AS150001,1,,,,,,,,,,,,0,0,0,0
AS170057,1,,,,,,,,,,,,0,0,0,0
AS170068,2,3,,,,,,,,,,,0,0,0,0
AS170070,4,1,2,2,2,2,3,1,2,1,1,1,1,0,0,0
AS170094,,,1,,,,,,,,,,0,0,0,0
AS170136,,,,,,,4,3,,3,,3,2,3,2,1
AS170138,,,,1,2,2,2,2,1,3,1,1,4,2,1,1
AS170140,,,,1,2,1,2,1,,2,1,,2,2,2,1
AS170148,,,,,,,,,,,2,,0,0,1,0
AS170225,,,,1,1,1,3,2,,2,2,2,4,2,2,2
AS170226,,,,,,,,1,,1,1,,1,1,1,0
AS170228,,,,,,2,1,2,,,,2,3,2,3,1
AS170229,,,,1,2,2,2,,,,,,0,0,0,0
AS170231,,,2,,4,1,2,,,2,3,4,2,4,2,1
AS170232,1,,1,1,,,,,,,,1,2,0,1,1
AS170239,,,,,,,,,,,,1,0,0,1,1
AS170240,,,,,,,,,,1,,,0,0,0,0
AS180015,,,,1,1,1,,1,,,1,,1,0,1,0
AS180212,,,,,,,,,,1,,,0,0,0,1
AS180300,,,,,,2,2,1,1,,,1,1,2,0,0
AS200050,1,,,,,,,,,,,,0,0,0,0
AS220023,,,,,,,,,,,2,,0,1,0,0
AS220024,,,,,,,,,,1,2,2,3,1,0,0
AS240132,,,,,,,,1,,,,,0,0,0,0
AS280012,,,2,2,,2,2,1,1,2,2,2,1,2,1,1
AS280020,,,1,1,1,1,1,1,1,1,1,2,1,1,1,3
AS280063,,,,,,,,1,,,1,,0,1,0,0
AS290010,,,,,1,2,1,3,1,1,1,,2,2,2,1
AS320018,,,,,,,,,2,1,,,0,1,1,0
AS320081,,,,,,,,1,,1,1,1,1,0,1,1
AS340035,,,,,,,,2,,3,2,3,2,2,2,0
AS340055,1,1,1,,,,,1,1,1,2,,1,1,1,1
AS340058,,,,,1,,,,,,1,,0,0,1,0
AS340215,,,,,,,,,,,,1,0,1,1,1
AS400011,1,2,1,,,,,,,,1,,1,0,1,0
AS400012,,,1,,,,,,,,,,0,0,0,0
AS400080,1,1,2,,,2,2,2,1,1,,1,0,0,0,0
AS400186,,1,,,,,,,,,,,0,0,0,0
AS400243,,,,,,4,,,2,,,,0,0,0,2
AS400373,,,,,1,,,,,,,,0,0,0,0
AS400611,1,,1,,,4,3,4,2,3,6,2,2,2,4,2
AS400648,,,,,,,,,,,1,,0,0,0,0
AS490009,2,2,1,2,3,3,3,1,,2,4,3,1,0,1,0
AS490018,1,,1,,2,3,1,2,2,1,3,2,3,1,3,1
AS490022,3,,,,,1,,,,,,,0,1,1,2
AS490070,1,,,,,1,1,,,1,1,1,0,0,0,1
AS490071,2,2,1,3,2,1,1,1,1,1,1,1,2,1,1,1
AS490072,2,,2,,1,1,1,1,1,3,1,2,2,2,1,1
AS490076,,1,1,,1,,1,,,,1,,1,0,0,1
AS490077,1,1,2,2,1,3,2,1,2,2,2,3,2,2,3,1
AS490078,2,2,2,2,4,1,2,1,1,3,2,2,3,1,3,2
AS490079,4,2,1,1,3,1,2,3,1,1,1,4,1,3,1,2
AS490086,,,1,,1,,,,,,,,0,0,0,0
AS490112,,,,,,,,,,,1,,0,1,1,1
AS500005,,,,,,2,1,3,1,3,3,,0,1,1,2
AS500021,,1,,,1,,,2,1,,1,,0,0,0,0
ASA00010,1,1,1,,,,1,1,1,1,2,1,2,1,1,0
ASA10072,,,,,,,,,1,,1,1,2,2,2,2
ASA30014,,,,,,,,,,,,1,0,2,0,1
ASA50023,3,1,3,2,4,5,3,4,4,3,4,3,2,5,5,4
ASA50027,4,5,3,3,3,4,5,3,4,4,5,2,2,4,5,4
ASA50028,2,1,1,,1,,,,,1,,,1,2,2,2
ASA50076,2,1,2,1,1,3,1,1,1,3,1,2,3,2,2,1
ASA50080,,,,,,1,,,,,,,0,0,0,0
AU000001,5,10,10,9,11,12,11,10,13,10,14,12,13,7,19,16
AWR8011,13,14,12,15,13,14,10,11,7,8,9,5,3,1,2,3
AWR8011P,,,,,,,,,,1,7,6,7,7,8,9
AWR8021,9,11,11,10,11,9,8,14,13,8,8,7,1,1,0,0
BC000006,,1,1,,1,1,,1,1,1,2,1,0,1,1,1
BC000007,2,1,1,1,2,2,1,2,1,1,2,2,2,1,2,2
BC000008,3,3,2,2,4,3,4,5,4,4,3,6,2,4,4,4
BC000009,2,2,1,1,1,1,,3,1,,,1,2,1,3,3
BC000010,,2,1,,,3,1,1,1,1,1,1,2,2,1,2
BD642828,,,,,,,,,,1,1,,0,0,0,0
BI000070,5,3,6,5,4,4,5,6,4,6,5,4,6,6,6,3
BI000071,8,11,11,6,10,8,9,10,8,10,7,8,7,7,6,7
BI000078,1,,2,2,2,2,1,3,2,2,3,4,2,3,4,6
BI000079,4,10,13,11,11,19,3,1,1,2,1,2,2,3,2,4
BI000080,7,13,15,12,11,18,5,3,3,4,4,5,3,7,5,7
BI000081,9,10,9,9,11,12,9,18,8,14,13,5,4,3,3,2
BI000082,2,1,3,,3,2,2,3,1,2,2,2,1,0,3,1
BI000113,2,1,1,2,,2,2,1,1,2,3,1,4,2,1,2
BI000114,2,1,2,1,1,1,1,1,1,1,2,1,3,2,1,1
BI000133,8,6,4,5,6,6,7,10,8,9,7,6,8,7,6,5
BI000134,1,,1,2,,,1,,,1,,1,1,0,1,1
BI000135,1,2,2,1,1,1,2,2,1,2,2,2,2,1,2,2
BI000136,4,2,3,3,2,5,3,2,2,2,3,2,2,4,2,3
BI000137,4,4,1,,,,,,,4,8,8,10,9,8,9
BI000138,7,4,2,2,2,2,3,5,5,8,6,8,8,5,7,5
BI000150,2,1,1,3,,1,4,1,,2,1,,3,0,0,0
BI000154,8,6,8,7,7,9,8,13,12,,6,3,2,3,2,3
BI000155,2,1,1,2,2,2,1,4,4,7,4,1,2,2,1,3
BI000156,3,1,2,1,2,2,2,4,6,5,5,4,4,2,4,4
BI000157,1,,1,,1,,,1,2,2,1,1,0,0,0,1
BI000160,3,2,2,2,3,2,2,2,4,4,4,2,2,3,3,2
BI000161,5,4,1,3,5,4,4,7,6,8,7,7,6,4,4,5
BI000162,8,5,2,1,4,3,5,5,5,11,7,5,6,6,4,6
BI000163,4,2,,2,2,1,2,2,2,2,2,3,2,1,2,3
BI000207,2,2,3,2,3,3,3,4,3,4,5,2,4,1,3,2
BI000208,1,2,1,2,1,1,3,2,,2,3,2,1,2,3,2
BI000209,2,1,3,3,4,4,4,4,1,7,7,4,2,3,2,2
BI000217,4,4,5,3,6,3,4,4,3,4,5,5,6,3,4,5
BI000218,7,7,7,7,8,5,9,5,5,8,7,9,8,7,8,7
BI000219,1,2,1,,,,,,,,,,0,0,0,0
BI000220,4,4,4,4,4,4,5,3,2,2,,,0,0,0,0
BI000230,1,1,2,1,1,1,1,1,1,2,1,1,0,1,1,2
BI000231,5,5,8,7,9,5,5,5,5,5,6,4,3,5,5,6
BI000238,,,1,,2,,1,2,,1,1,1,3,1,0,0
BI000240,11,17,15,12,11,15,9,15,10,10,13,15,15,9,0,0
BI000247,2,,2,2,3,2,4,4,3,3,2,4,3,4,3,3
BI000248,2,2,3,4,4,4,6,6,6,8,5,9,7,7,11,8
BI000249,,,2,1,2,3,3,4,4,3,4,3,4,4,2,3
BI000250,1,1,3,2,3,2,1,3,3,6,3,5,4,4,7,5
BI000251,,,2,1,1,1,1,,,1,1,,4,4,5,5
BI000254,7,8,9,6,9,10,8,8,8,14,14,12,11,11,13,11
BI000257,,,,,,,4,8,12,11,14,10,5,3,5,1
BI000258,,,,,,,,,,8,7,4,6,6,3,6
BI286065,2,6,5,5,4,4,6,6,2,6,2,2,3,2,3,3
BI286072,,,1,1,1,1,,3,,,,,2,0,1,0
BI286089,10,6,9,8,9,8,8,9,4,9,9,7,10,0,6,9
BI286287,1,,,,,1,,,2,,1,3,1,3,1,1
BI286294,1,,,,,,,,,,,,0,0,2,0
BI286348,,,1,2,2,1,1,1,2,2,1,2,1,1,0,2
BI286454,,1,,,1,1,,1,1,,,,0,1,1,1
BI286676,1,1,1,,,,2,2,,2,1,1,0,1,2,1
BI286782,1,,,1,,,1,4,,2,3,2,2,0,3,3
BI286799,,,,,1,,,,,,1,,0,1,3,2
BI286843,,1,,,,,,,,,,,1,0,0,0
BI286850,,,,,1,1,1,,,1,,1,3,1,0,1
BI286928,,,,,1,,,,,,,,0,0,0,0
BI286973,6,5,,6,6,4,6,4,8,5,5,2,6,5,3,0
BI286991,1,,1,2,1,1,2,1,2,1,2,,1,1,1,1
BI287000,,2,1,2,2,2,2,2,1,,3,1,3,2,1,2
BI287109,6,12,17,18,9,10,9,9,8,8,9,11,7,7,8,8
BI287130,5,1,5,3,2,3,3,3,4,4,3,5,3,1,0,2
BI287147,,4,2,2,1,1,2,3,1,5,3,6,4,2,5,2
BI287178,3,2,4,2,4,3,4,4,4,3,3,5,5,3,3,2
BL000003,4,2,4,4,3,7,8,5,5,8,,4,3,7,12,13
BL000004,1,1,1,1,1,1,1,1,,2,1,1,1,3,5,8
BL000012,,1,1,,1,,1,,,,,,0,0,0,0
BO000001,2,,,,,3,2,2,1,1,2,2,2,2,3,2
BO062306,7,3,4,2,,3,3,3,2,2,3,2,2,2,2,3
BO062405,,5,12,8,3,,9,9,7,10,10,7,12,10,10,10
BO170762,4,2,,,1,3,2,,,,,,0,0,0,0
BO171196,,,,1,,,,,,,,,0,0,0,0
BR000001,1,2,,,1,1,1,,2,2,1,,0,0,1,2
BR000006,4,1,2,2,2,3,2,2,1,1,,4,2,6,2,0
BX114498,,,,,,,,,2,,,,1,1,0,1
BX600601,,,,,1,,,,,,,,0,0,0,0
BX955562,,,,,,,1,,,,,,0,0,0,0
BXF16AG0,,,,,,,,,1,,,2,2,1,0,0
BXF17AG0,,,,,,2,,,,1,,,0,1,0,0
BY020014,4,4,4,3,3,3,3,2,4,3,3,3,5,4,2,0
BY020410,,3,1,2,1,,1,,1,,3,,0,1,1,1
BY020519,1,1,,4,10,6,,,,,,,0,0,0,0
BY020595,2,1,2,2,2,3,1,2,1,3,,2,1,3,1,1
BY020663,1,1,4,3,1,2,3,2,1,4,2,1,3,1,3,1
BY040005,2,,,,,,,,,,,,0,0,0,0
BY040012,3,2,1,3,1,2,1,2,1,2,2,2,1,2,1,1
BY040029,1,,,1,1,1,1,2,2,1,2,1,2,2,1,1
BY040036,5,7,6,6,6,7,7,7,6,8,7,4,2,8,9,9
BY040111,,2,3,1,1,2,1,2,2,,2,1,3,1,2,1
BY040128,,1,,,1,,,1,1,1,,1,1,0,1,1
BY040173,3,,3,2,2,2,1,2,1,2,2,1,2,1,2,2
BY040333,8,7,6,6,7,10,2,,,13,11,8,6,8,8,5
BY040425,10,9,11,10,10,12,8,7,4,5,4,4,4,3,4,4
BY040586,1,2,4,2,1,,1,1,1,2,1,2,2,3,3,2
BY040715,1,1,2,1,1,1,2,3,2,2,2,1,2,1,3,1
BY040821,5,5,5,6,6,6,8,4,4,6,6,5,5,4,7,3
BY040869,5,4,2,4,3,5,3,3,5,4,4,3,3,5,5,4
BY040876,3,2,2,2,2,2,3,2,2,3,2,2,4,2,2,2
BY040999,1,,,,,,,2,,,1,,1,0,0,0
BY041002,,,,,,,,,,,,1,0,0,1,0
BY092007,4,1,4,2,2,2,1,2,1,2,1,2,1,1,2,1
BY092014,6,3,5,5,5,6,6,6,5,5,4,5,5,5,4,4
BY092045,7,6,7,5,7,7,9,6,8,7,4,4,6,3,3,4
BY092052,,,7,3,3,3,2,4,3,4,4,3,3,5,4,3
BY092069,,6,4,3,2,3,2,4,3,2,4,1,8,6,8,7
BY092120,,1,1,,1,1,1,1,1,2,1,1,1,1,0,1
BY092137,2,,,,,,,,,,,,0,0,0,0
BY092151,10,7,8,5,10,8,6,10,6,9,9,8,6,5,8,7
BY092229,13,12,7,8,10,9,9,16,8,10,9,3,16,6,6,2
BY092236,14,6,3,6,5,3,4,6,4,4,4,5,15,6,4,1
BY092250,12,10,6,5,8,6,7,7,5,4,2,,0,0,11,4
BY092267,1,1,1,1,1,1,3,2,2,3,2,2,2,1,4,2
BY092281,,,1,,,,,1,,,1,,2,0,2,1
BY092335,9,8,8,7,8,9,8,8,7,10,7,7,9,7,8,7
BY092366,12,9,11,10,13,8,10,12,11,12,10,9,12,6,7,8
BY092403,11,4,7,5,8,8,8,6,4,,12,9,6,6,6,4
BY092441,8,9,5,6,5,6,4,5,6,8,13,8,10,9,6,3
BY092472,8,1,,,,,,,,,,,0,0,0,0
BY092489,10,8,7,8,7,9,7,6,6,12,10,5,7,5,6,7
BY092502,6,3,5,5,7,5,5,6,5,1,1,6,9,5,5,4
BY092526,9,6,9,12,15,11,8,16,10,11,10,8,4,4,10,7
BY092557,15,12,8,10,11,8,7,6,11,9,10,8,14,5,8,2
BY092564,10,7,7,8,8,7,5,8,6,9,7,10,9,7,9,7
BY092571,11,8,13,13,14,12,14,12,12,14,14,8,14,9,10,11
BY092618,1,3,2,3,3,2,3,2,2,3,2,1,2,2,1,2
BY092625,15,3,13,9,11,15,8,6,2,7,4,4,6,9,6,6
BY092632,9,8,7,9,8,7,8,8,6,10,7,8,8,8,6,6
BY092649,1,1,2,1,1,1,1,1,,,2,,0,0,0,1
BY092663,3,3,6,4,4,3,4,4,3,3,4,3,3,3,4,5
BY092687,7,6,6,6,7,7,6,7,5,5,7,5,6,5,7,4
BY092717,5,4,6,8,14,7,5,14,5,8,6,8,8,4,10,10
BY092731,,,,,,,,,1,,,,1,0,0,0
BY092755,,,,,,,1,,,,,,1,0,0,0
BY092762,,,,,,,,,,,,1,0,0,0,0
BY092779,16,14,7,6,7,6,6,10,6,5,7,5,13,8,9,6
BY092786,1,1,,1,,2,,1,1,1,1,1,0,1,2,1
BY092823,11,7,9,8,10,9,8,10,6,9,9,8,11,9,9,8
BY092847,,,,1,1,1,,1,,1,1,1,0,1,0,1
BY092861,11,12,14,17,4,9,18,7,7,8,8,4,4,6,9,8
BY092878,12,7,10,10,13,11,10,12,10,11,9,7,11,6,2,2
BY092991,9,3,8,9,10,13,8,14,3,8,7,6,10,7,10,6
BY121262,8,4,8,16,14,13,11,11,3,16,16,11,8,12,8,9
BY876018,2,2,3,3,3,3,4,2,4,1,4,4,3,5,1,3
BY876025,10,11,9,8,9,11,10,10,6,8,9,9,11,8,10,8
BY876063,12,9,13,16,9,8,14,7,6,7,5,4,5,4,6,5
BY876124,,5,11,7,2,2,1,1,1,,2,1,7,9,2,3
BY905398,1,,,,,,,,,,,,0,0,0,0
BY989852,3,2,2,2,2,1,2,1,2,2,2,1,2,2,3,3
BY989883,1,1,1,2,2,1,1,1,1,1,2,1,1,1,2,3
C2122000,2,2,2,1,3,1,3,2,1,2,1,3,2,2,2,2
C2122001,1,1,1,,3,,1,,1,,2,1,0,1,2,1
C2122003,1,,1,1,,1,1,,,,1,1,0,1,0,1
C2122005,1,,1,2,,,2,1,1,,1,1,1,3,1,1
C2122009,1,,1,,,1,1,,,2,,2,0,1,0,0
C2122010,,1,1,,,,2,,,2,,2,0,2,1,1
C2122011,,,1,,,1,,1,,2,,,1,2,0,2
C2122030,2,2,1,1,1,1,,1,1,1,,1,1,0,1,1
C2122031,,,,1,,,1,1,,,,,0,1,0,1
C2122032,,,,,,,,,,1,,1,0,0,0,1
C2122036,,,1,,,1,1,1,,,,1,0,1,0,1
C2122037,,,,,,1,1,,,,,1,0,1,0,1
C2122038,,1,,1,,1,1,,,1,,1,0,1,0,1
C2122039,,1,1,,,2,,1,,,,2,0,2,0,0
C2122041,1,,,,,,,,,,,,0,0,0,1
C2122042,,,,,,,,,,,,1,0,1,0,0
C2122100,1,,,,,1,,1,,,1,1,0,1,0,0
C2122101,1,,1,,,,,1,,,2,,0,1,0,0
C2122102,1,,1,,,,,,,,1,2,0,0,1,1
C2233100,1,1,,,,1,,1,1,,1,,0,2,0,0
C2233200,3,1,2,1,2,2,2,,,2,,4,5,2,4,2
C2233202,4,3,3,5,3,4,3,3,3,7,4,6,4,3,3,2
C2233400,1,2,1,1,1,2,2,1,3,1,5,1,2,4,1,0
C2237000,1,1,,1,,,1,1,1,,,1,1,3,0,1
C2237002,4,3,4,3,4,4,4,5,3,5,4,2,0,0,1,0
C2237010,,,3,,,1,,2,1,1,,,0,1,0,1
C2237011,,,,,,,,1,,,,,0,0,1,0
C2240012,2,,2,2,2,3,2,1,,,,,3,2,2,1
C2240013,1,,1,,1,,,,1,1,1,1,1,0,1,1
C2240014,,,,1,,1,,1,1,1,,1,0,2,2,0
C2240019,4,1,2,3,3,2,4,3,1,5,5,5,5,3,3,2
C2240020,4,1,3,2,4,4,4,2,2,5,6,6,2,0,0,0
C2240023,7,2,6,7,15,9,,10,1,,,,0,0,0,0
C2240026,3,3,9,8,3,3,2,1,2,8,4,,0,0,0,0
C2240027,5,3,6,5,4,1,,,,,,,0,0,0,0
C2240036,,,,,,,,,,,1,,1,0,0,0
C2240037,,,,,,,,1,,,2,1,0,0,0,0
C2240038,1,,1,1,1,,1,1,,1,,1,0,0,0,0
C2240039,1,,1,2,,,1,1,1,,1,1,2,0,0,1
C2240040,,1,,1,1,,,,,,,1,1,0,0,0
C2240043,,,,,4,,,,,,,,0,0,0,0
C2240051,2,11,11,7,4,2,5,8,3,,,6,7,2,1,8
C2240052,6,6,1,,4,5,9,7,4,1,,,0,0,6,5
C2240054,1,,,,,,5,1,1,2,1,,0,0,0,0
C2240101,1,,1,,,2,1,,1,1,,,0,0,4,2
C2240102,1,1,,1,2,,2,,3,,1,,0,0,7,8
C2240147,6,1,,4,11,2,9,5,2,3,1,,0,0,5,5
C2240187,2,,3,8,7,1,6,8,6,1,,,3,10,2,0
C2240200,1,,,,,,1,,,,,,0,0,0,0
C2240282,7,5,5,6,8,7,3,,6,4,,,7,6,4,4
C2240283,9,5,6,5,,2,11,6,1,1,,,6,3,3,2
C2240284,2,4,4,3,1,2,5,2,3,1,1,,4,6,3,2
C2240299,4,3,6,4,4,5,5,3,,6,5,5,5,5,5,1
C2240301,5,12,7,12,6,13,12,8,,9,11,2,0,14,5,0
C2240303,1,9,9,9,9,6,8,11,4,9,9,9,7,0,21,3
C2240313,5,9,,5,6,,5,7,,,,9,0,9,4,2
C2240427,4,4,2,1,2,1,2,2,2,5,1,1,1,0,0,3
C2240600,,,,7,4,3,10,7,2,1,3,1,4,3,1,2
C2241056,1,3,2,2,3,2,,,,4,3,2,3,2,3,1
C2241059,7,5,6,5,,7,7,7,2,6,5,7,7,2,6,2
C2241074,1,2,1,2,1,1,2,3,2,1,1,,0,0,3,1
C2241100,9,4,9,5,6,5,1,1,,12,4,3,0,2,1,4
C2241103,7,5,2,3,5,,,11,5,,2,,1,1,0,0
C2241106,11,10,10,12,10,13,11,15,4,8,13,11,9,6,10,9
C2241109,4,3,3,4,2,5,5,4,3,3,1,8,4,2,3,3
C2241133,1,,,,,,,,,,,,0,0,0,0
C2241196,,,6,,8,6,1,1,3,1,,1,0,0,2,0
C2241203,7,1,9,7,5,4,,,,,,,0,0,12,1
C2241205,10,6,10,12,13,13,7,,1,5,4,5,4,0,0,0
C2241206,6,3,5,5,10,7,9,4,3,8,10,16,13,0,4,4
C2241320,,,,,7,4,3,4,4,4,,,0,0,0,0
C2241325,,1,2,,1,1,1,,1,1,1,1,1,1,2,1
C2241383,2,5,2,,,6,3,3,2,1,6,4,0,0,0,0
C2241393,,1,3,3,2,2,,3,1,2,2,2,2,2,1,0
C2241402,8,7,9,5,,,,,,,,,0,0,0,0
C2241451,,,1,,,,,,,,,,0,0,0,0
C2241483,12,6,12,11,20,12,10,10,6,11,15,8,13,0,5,7
C2241492,9,5,6,10,10,9,11,8,7,10,10,,17,12,9,7
C2241495,,,,,,,,,,6,9,5,0,0,0,0
C2241580,6,4,6,5,6,4,7,5,4,6,5,6,5,5,3,0
C2241581,2,2,1,1,2,1,2,1,2,2,2,3,2,1,2,1
C2241655,,14,1,9,2,9,,,,,4,8,0,0,0,9
C2241671,7,2,2,4,5,4,5,3,3,8,1,5,5,2,4,2
C2241672,11,6,7,8,10,7,14,7,5,9,9,9,10,8,6,5
C2241689,17,10,9,10,15,19,12,10,7,5,11,12,10,0,10,7
C2241693,1,,1,1,1,1,1,,,,,,2,3,1,1
C2241712,,1,,,,,1,,,1,,,1,0,0,0
C2241763,,1,,2,2,2,,,,,,3,0,0,0,0
C2241770,1,,1,,1,,,1,,,,,0,0,0,0
C2241880,5,2,2,3,3,1,,,,,12,5,0,0,0,0
C2241881,5,2,5,5,4,,,8,9,9,9,4,9,5,4,2
C2241890,,1,,,,1,,,,,,,0,0,0,0
C2241900,2,4,6,5,7,7,2,,5,5,,,0,5,1,5
C2242031,1,,1,,,,,,,,,,0,0,1,0
C2242032,,,1,,,,,,,,,,0,0,0,0
C2242039,3,,1,1,,,1,,,,4,,4,1,1,1
C2242057,,,,,,,1,,,,,,0,0,0,0
C2242063,2,,6,11,11,7,4,6,2,2,2,1,0,2,2,4
C2242071,10,8,8,7,11,7,7,6,6,9,9,10,9,9,8,6
C2242105,2,2,,1,,1,,,,1,,,1,0,0,0
C2242108,1,1,,1,,1,,,,1,,1,1,0,1,1
C2242179,,1,6,13,5,7,7,4,2,3,1,,1,0,9,16
C2242185,,,5,9,12,14,9,4,1,2,,1,0,0,1,5
C2242186,1,1,9,15,5,3,2,3,,,1,,0,0,5,6
C2242187,1,1,7,15,8,6,8,3,2,,2,1,0,0,4,7
C2242188,1,1,7,16,13,9,5,3,1,2,2,,0,1,4,9
C2242269,,1,1,1,1,,,,,,4,,0,1,6,2
C2242271,7,5,7,,15,8,5,8,3,3,3,2,2,1,5,4
C2242304,,,,1,,,,,,,,,0,0,0,0
C2242317,7,6,9,8,10,7,10,9,5,5,8,10,13,8,9,9
C2242334,15,10,7,5,5,4,3,4,3,7,8,9,14,9,8,5
C2242340,1,1,1,1,3,2,2,3,1,5,5,4,5,2,1,1
C2242347,,1,,,,,,,,,,,0,0,0,0
C2242351,14,7,6,8,7,4,8,5,4,6,11,8,10,5,9,5
C2242362,4,3,2,3,6,4,4,3,2,3,10,12,6,2,2,3
C2242382,,1,,2,,,,,,,,,0,0,0,0
C2242412,10,7,10,3,5,7,6,9,6,10,5,9,10,7,6,8
C2242533,2,1,1,,2,1,,1,,,5,1,2,0,1,0
C2242856,,,4,8,2,2,1,7,4,3,1,,1,0,1,0
C2242857,1,1,1,,1,,,1,1,2,,,1,2,0,0
C2242858,1,1,,1,1,,3,2,3,3,1,,1,2,1,0
C2243000,4,3,1,1,2,2,2,8,3,1,1,1,4,1,2,0
C2244000,,,,,,,1,1,1,,,,1,2,2,0
C2250000,6,7,6,7,8,10,9,10,7,7,9,7,9,8,9,7
C2252001,6,5,7,4,7,7,7,6,5,8,8,6,7,5,5,5
C2252500,2,2,3,3,3,4,2,2,2,3,3,4,4,2,4,2
C2253001,6,4,5,4,5,5,5,5,4,4,4,3,3,0,0,0
C2253003,1,1,1,2,1,2,1,1,,1,1,,2,0,0,0
C2253063,8,8,10,11,12,8,10,9,7,9,7,9,9,8,9,7
C2253064,12,9,11,9,11,11,9,9,10,12,6,6,8,6,8,5
C2253065,4,3,6,5,6,3,6,5,4,7,3,6,6,6,7,3
C2253201,2,,1,1,2,1,1,1,1,1,,3,0,3,1,1
C2253203,2,1,1,1,1,1,1,2,1,1,2,4,1,2,1,0
C2254000,3,1,1,2,2,1,2,1,,5,3,3,3,2,2,4
C2254001,5,3,4,3,3,3,2,2,3,3,3,4,5,5,7,5
C2254002,6,7,7,8,5,6,6,5,6,9,8,5,8,6,6,6
C2254003,10,8,8,9,10,9,10,11,8,15,7,4,6,5,6,4
C2255020,,,2,,,1,1,,,1,1,2,2,0,2,1
C2255021,1,1,1,,1,1,1,1,,1,,1,3,0,0,3
C2255049,1,,,,,,,,,,,,0,0,0,0
C2271000,3,2,2,2,2,2,2,2,3,2,2,2,3,2,3,2
C2271001,1,1,2,1,1,1,2,1,1,1,1,1,1,2,1,1
C2271010,1,,,,,1,,,,,1,1,0,0,1,0
C2271020,,1,,1,1,1,1,1,,2,,1,1,0,0,1
C2271030,,,,,,,,,1,,2,,0,0,1,0
C2277000,12,9,10,9,10,8,5,8,6,7,8,8,10,9,6,6
C2277001,,5,1,1,1,1,,1,2,5,,1,3,8,2,1
C3261004,,,,,,,,,,,,1,0,0,0,0
C3262028,2,1,2,2,,2,2,1,,1,3,1,1,2,2,0
C3262033,6,7,5,4,7,6,7,,3,4,6,4,6,4,4,4
C3262041,1,1,,,1,1,,,1,1,,,2,0,1,1
C3262127,1,1,,1,,1,,1,,1,1,2,0,0,1,1
C5700560,3,1,1,13,7,9,11,4,3,5,5,3,2,2,0,0
C5700564,,,7,,,,,,,,,,0,1,11,8
C5700570,2,3,,,,3,3,1,5,6,2,,1,2,0,0
C5700576,,,9,7,1,,,,,,,,0,1,10,5
C5700580,8,1,2,11,12,6,12,9,7,12,4,2,2,2,0,1
C5700581,,1,7,,,,,,,,,,0,1,12,9
C5700585,3,1,1,5,4,2,2,1,4,9,3,3,2,3,1,0
C5700586,,,2,,,,,,,,,,0,0,7,3
C5700595,,,,,,6,1,,1,2,1,1,0,1,0,0
C5700605,,3,1,,,2,,,,,,,0,0,0,0
C5705016,,,1,,,,2,,,,1,,1,0,0,1
C5705103,,,1,,,,1,1,,,,1,0,1,0,1
C6024101,,,,,,,,,,,7,,0,0,0,0
C6024114,8,2,4,5,6,2,3,3,5,12,12,14,15,8,6,4
C6024116,3,1,,,,,1,,2,3,3,3,2,2,0,0
C6024150,9,3,3,5,4,3,5,3,7,14,8,9,7,7,7,3
C6024166,,,,,,,,,,,,2,3,0,0,0
C6024500,1,,,4,1,1,2,2,1,5,2,1,1,0,1,4
C6024501,2,1,,5,1,1,,2,1,6,1,1,2,2,1,2
C6024502,,,1,,,,,,,,,,0,1,1,0
C6024503,,,1,,,,,,,,,,0,0,2,0
C6024506,13,8,5,6,8,9,9,10,4,10,10,9,14,12,6,6
C6025012,1,,1,,1,,1,,1,1,1,1,1,1,0,0
CI000005,10,7,7,10,10,9,13,14,10,14,9,16,12,9,9,9
CZ000002,2,,1,1,1,,1,,2,,1,1,1,0,1,0
CZ000003,2,3,2,1,3,3,3,1,1,1,2,1,1,1,1,2
DD429656,,,1,,,,1,,,,,1,0,0,0,0
DD739000,,,,,,1,,1,,2,,1,0,0,1,0
DD739017,,,2,,,,,,1,,,,2,0,0,0
DD739024,,,1,,,,1,,,2,,1,0,0,0,0
DD739055,,,1,,,,1,,,1,,,0,0,0,0
DD739062,,,,,,,,,,1,1,,0,0,0,0
DD739086,,,2,,,,,1,,,1,,0,0,0,0
DD739123,,,1,,,,1,,,1,,,0,0,0,0
DD739253,,,2,,,1,,,1,,1,,1,0,0,0
DD739482,,,2,,1,,,,1,,1,,0,1,0,0
DD739499,,,,,,1,1,,1,1,1,,0,1,0,0
DD739505,,,,,1,,,1,,1,,,1,0,0,0
DD739888,,,1,,,1,,2,,1,,1,1,0,0,0
DM933460,,,2,,,,,,,1,,2,0,0,1,0
DM933569,,,,,,,,,,,,4,1,0,4,0
DM942529,,,,1,,1,,,,,,,0,0,2,1
DM942536,,,,,,,,,,,1,1,0,1,0,1
DM942581,,,,,1,,,,,6,3,,0,1,3,0
DS024030,2,2,,,,,,,,,,,0,0,0,0
DS024191,,,,,,,,7,3,3,3,2,3,1,1,2
DS024573,1,,2,2,1,1,1,1,,,,,0,3,3,3
DS024597,2,1,1,1,2,1,2,3,1,2,2,3,2,1,1,1
DS024603,1,,2,1,,,2,1,2,1,3,1,1,0,1,1
DS040816,,1,10,8,7,6,5,6,,,3,5,3,2,4,3
DS080040,,,,2,1,1,1,1,1,1,1,2,1,0,1,1
DS081900,,1,1,1,1,,1,,3,2,1,1,1,1,0,0
DS086011,,,1,,,,,,,,,1,0,1,0,0
DS086578,,,,,,1,,,,1,,,1,0,0,1
DS086585,,,,1,,,1,,,,1,,1,0,0,0
DS086608,,,,,,1,,,,1,,,0,0,1,0
DS086752,,,,,,,,1,,,2,,1,0,1,0
DS086769,1,1,3,2,2,1,2,1,1,2,3,1,1,1,1,1
DS086776,,,,,2,1,,,,,,,0,0,0,0
DS088039,,,,9,12,8,5,4,1,2,3,2,2,2,3,3
DS088084,2,1,2,2,1,1,3,2,2,2,3,1,2,1,2,1
DS088268,2,1,1,,,,,,,,,,0,0,0,0
DS088275,1,1,2,2,2,2,1,1,1,2,2,1,1,1,1,1
DS088282,1,,2,1,,,1,,1,1,1,1,1,1,1,0
DS088381,13,9,6,8,7,6,8,6,5,9,14,13,8,10,9,9
DS088411,,,,1,,1,2,,1,,1,1,1,0,1,0
DS088435,1,1,2,2,,,,,,,,,0,0,0,0
DS088442,1,1,2,2,,2,1,1,1,1,1,1,1,2,0,1
DS088459,1,,,,,1,1,,,1,1,2,0,1,0,1
DS088473,,,,,,,2,1,1,1,2,1,1,1,1,0
DS088565,,1,,,1,1,,,,,,4,4,0,1,1
DS088572,,,,1,1,,,,,,,4,3,0,0,0
DS088589,,,1,1,,,1,,,,,4,3,1,1,1
DS088596,1,,1,,,,,,,,,4,4,2,1,0
DS089654,,,,1,,,,,,,1,,0,0,0,0
DS090889,,,,1,,1,1,1,,2,1,,2,1,1,0
DS091015,1,,1,,,1,1,,1,,1,1,1,1,1,0
DS091589,,,,,,,1,1,,,,,0,0,0,1
DS093668,1,1,,,,2,1,,1,1,1,1,0,2,0,1
DS093934,,,,,,,,,1,,,1,0,0,1,0
DS095082,1,1,1,1,,,,,,,,,0,0,1,0
DS095099,,1,1,,1,1,,,1,,,,1,0,1,0
DS095105,2,3,4,2,2,2,3,2,2,3,3,3,2,1,9,5
DS095112,10,6,9,10,6,9,9,6,5,8,6,7,8,7,8,8
DS095228,5,3,4,5,2,,6,4,4,5,4,4,2,3,3,4
DS095235,5,4,6,8,8,4,7,6,4,7,,7,5,5,5,4
DS095556,,,,1,1,,1,,1,,,,0,0,0,0
DS095570,,1,1,,,,,,,,,,0,0,0,0
DS095587,,,1,,,,,,,,,,0,0,0,0
DS095617,2,3,3,2,3,2,,,,3,2,1,4,2,3,2
DS095624,1,,2,1,,,,,,,,,0,0,0,0
DS095709,1,,1,,,2,,1,,,,,0,0,1,0
DS095723,,1,1,1,,1,1,,,1,1,1,0,1,0,0
DS095730,1,,,,,2,,,,1,,,1,0,0,0
DS095747,1,,,3,3,2,2,2,1,3,2,2,2,1,2,1
DS096652,1,1,1,2,1,2,1,1,,2,2,1,1,1,2,1
DS096669,1,2,1,2,1,2,,1,1,1,1,3,1,2,1,1
DS096829,2,1,2,2,2,2,1,1,,,,,0,0,0,2
DS097048,1,,,1,1,,1,2,,2,,1,0,1,1,0
DS097079,3,3,4,6,3,6,5,5,2,7,5,4,3,3,4,4
DS097253,,,,1,,,,,,,,2,0,0,0,0
DS097499,1,,,,2,1,,,1,,2,2,1,2,0,0
DS098014,4,4,7,6,5,5,5,7,4,5,8,6,3,7,5,4
DS098045,1,3,2,4,4,1,2,3,3,2,3,2,1,3,2,1
DS098069,3,2,2,3,2,2,2,3,2,2,2,3,2,2,2,3
DS098083,4,3,6,3,4,3,3,4,2,4,5,2,2,4,3,4
DS098090,2,2,4,2,2,2,3,2,,,3,2,2,4,1,3
DS098595,12,12,10,8,7,6,5,7,5,9,13,13,10,11,9,6
DS098809,,,1,,,1,,1,,1,,,1,0,0,1
DS098946,1,,1,,1,1,,1,,1,,2,1,0,1,1
DS099226,1,1,1,5,3,2,2,3,1,4,2,2,2,2,2,1
DS099271,2,2,2,2,3,1,,,,3,5,1,2,2,1,2
DS099295,1,3,2,1,2,3,2,1,2,2,3,2,2,2,1,2
DS099943,1,,6,4,3,,,,,6,5,5,3,3,3,2
DS099950,,1,,,,,1,1,,1,1,2,1,0,1,0
DS124877,,,,,,,2,5,5,7,5,3,2,5,3,2
DS141000,2,1,1,,2,,3,3,1,3,3,2,2,2,1,2
DS141017,1,1,1,1,1,2,1,,1,1,2,,1,1,1,1
DS141024,3,2,2,,,4,2,,1,5,3,1,0,3,4,2
DS141048,,1,1,,1,,,,,1,,1,0,0,0,1
DS141062,,,1,1,1,,1,2,,2,,,0,0,0,0
DS141086,3,2,3,1,4,2,3,4,4,4,3,3,2,3,2,4
DS141130,2,,1,,2,1,1,1,1,,1,2,0,1,1,1
DS141147,1,,,1,,,1,1,,1,2,,1,1,1,0
DS141154,,1,,,,,1,,,1,,1,0,0,0,0
DS141161,,,1,,,1,,1,,1,,,1,0,1,0
DS141185,,,,,,,,1,,,1,,1,0,0,0
DS141192,1,1,1,,1,2,1,1,,1,1,1,1,1,1,1
DS141208,,1,,,1,,1,,1,,1,1,1,0,1,0
DS141215,,,,,1,,,,,,1,,0,0,0,0
DS141222,,,,,1,,,,,,1,,0,0,0,0
DS141239,1,,,1,,,1,,,1,,1,0,0,1,0
DS141246,1,1,1,1,1,1,,1,1,,2,1,0,1,1,1
DS141253,,,,,,,1,,,1,,,0,0,0,1
DS141260,1,,,,,,,1,,1,,,0,0,0,0
DS141277,,,,,,,,1,1,,,,0,1,0,0
DS141291,,,,,,,,,,1,,,0,0,0,0
DS141314,1,,2,,1,1,1,1,1,1,1,1,1,0,1,1
DS141352,,,,,,,,1,,,,,0,0,0,0
DS141369,,,,,,,1,,,,,,0,0,0,0
DS141376,,,,,1,,,,,,,,0,0,0,0
DS141383,,,,,,,1,,,,,,0,1,0,0
DS141406,,,,,1,,,,,,,,0,0,0,0
DS141437,,,,,1,,,,,,,,0,1,0,0
DS141444,1,1,1,1,1,1,,1,1,1,1,1,1,1,1,1
DS141499,1,,,,,,,,,,,,0,0,0,0
DS141505,1,,,,,,,,,,,,0,0,0,0
DS141512,,,,,,,,,,,1,,0,0,0,0
DS141543,,,,,,,,,,,1,,0,0,0,0
DS141550,,,,,,,,,,,1,,0,0,0,0
DS141567,1,,,,1,,1,,,,1,,1,0,0,0
DS141574,,,,1,,,,,1,,,,1,0,0,0
DS141581,1,,,,,,,,1,,,,0,0,0,0
DS141598,,1,,,,,,,,,,,0,1,0,0
DS141604,1,1,1,1,1,1,1,1,1,,1,1,0,1,1,1
DS141635,,,,,1,,,,,,,,0,0,0,0
DS141659,,,,,,,,1,,,,1,0,0,0,0
DS141666,,,,,,,,1,,,,,0,0,0,0
DS141680,1,,,,,,,,,,,,0,0,0,0
DS141703,,,,,,,,,1,,,,0,0,0,0
DS141710,,,,,,1,,,,,,1,0,0,0,0
DS141741,1,,,,,,,,,,,,0,1,0,0
DS141765,,,,,1,,,,,,,,0,0,0,0
DS141772,,,,,1,,,,,,,,0,0,0,0
DS141796,,,,,,,,1,,,,1,0,0,0,0
DS141895,,,,,,,,1,,,,,0,0,0,0
DS141925,1,,1,,1,,1,,,1,,1,0,0,1,0
DS141932,1,,,,,,,,,,,,0,0,0,0
DS141949,1,,,,,1,,,,,,,0,0,0,0
DS141956,2,2,1,2,1,2,1,1,2,3,3,2,2,0,0,0
DS160738,,,,,9,6,4,3,3,3,3,2,2,2,2,2
DS160752,,,,,7,6,3,3,3,2,3,3,1,2,2,2
DS160769,,,,,10,6,2,,,2,6,2,4,1,3,1
DS160776,,,,,10,6,6,3,3,2,4,4,3,3,2,2
DS210142,9,8,6,10,5,9,7,7,5,6,4,2,3,3,3,2
DS214829,16,10,8,5,6,7,8,5,5,9,5,8,11,5,7,4
DS215079,12,12,10,11,7,12,12,9,5,7,6,7,11,4,7,5
DS215178,10,5,7,6,7,6,9,8,5,8,9,8,7,6,7,5
DS219954,6,7,6,8,3,6,7,8,2,5,8,3,6,6,6,2
DS222100,,,,,,,,1,1,,1,,0,0,0,0
DS222131,3,2,2,2,2,3,1,3,2,3,2,3,1,2,2,1
DS222766,2,1,4,12,6,12,14,3,,,2,4,2,2,3,12
DS357756,,,,5,5,5,3,6,2,2,2,2,2,1,1,1
DS500029,,,,2,3,,4,3,1,2,2,1,1,1,1,0
DS500050,2,3,2,3,4,5,4,5,3,4,5,4,2,2,4,2
DS500203,3,1,4,7,2,3,5,3,2,5,4,2,1,2,3,2
DS500210,6,1,6,5,4,5,10,9,7,7,4,3,3,0,0,3
DS500227,,1,1,1,1,2,3,3,1,3,2,2,2,2,1,1
DS500234,,,,,1,1,2,4,2,2,2,2,2,2,1,1
DS500258,,1,2,12,11,6,2,2,,1,,1,0,0,3,7
DS500265,,1,5,14,11,8,3,4,,1,1,1,0,0,7,11
DS501491,12,8,8,9,6,4,5,3,4,7,9,10,8,9,6,4
DS501958,6,3,3,6,2,2,3,2,1,4,4,3,3,3,3,1
DS501989,8,8,7,7,5,7,5,3,3,7,12,15,11,12,9,6
DS502344,,,,1,,,,,,,,,0,0,0,0
DS502368,3,2,2,1,1,1,2,1,1,2,1,,2,1,3,1
DS502399,2,1,1,2,,,3,3,1,3,3,1,1,1,2,0
DS523219,,,,3,3,2,3,2,1,2,2,2,1,2,1,1
DS526456,,,,2,2,,3,1,1,,1,3,2,1,2,1
DS529488,,,,,,,,,,,,6,4,3,2,1
DS626058,11,10,17,8,9,9,8,13,11,16,10,9,5,12,18,8
DS626249,16,12,19,7,7,10,9,11,8,13,10,6,12,6,9,5
DS626324,5,4,5,4,7,5,5,5,1,6,3,3,2,2,2,0
DS626409,3,1,1,,1,,,,1,1,,,0,1,0,1
DS626492,7,7,4,8,9,8,9,7,9,12,7,10,12,10,11,11
DS626508,3,5,3,2,2,5,6,1,3,3,6,,0,0,0,0
DS626515,3,4,3,4,5,3,4,4,3,5,5,6,7,4,5,6
DS626549,11,11,16,6,,8,7,15,13,8,9,5,5,3,9,4
DS626553,3,3,2,5,6,2,5,6,4,7,8,9,7,4,2,3
DS626591,,,,,,,,,,,,3,1,1,1,1
DS626669,,,,,,1,,,,,,,0,0,0,0
DS626683,1,,,,,,,,,,,,0,0,0,0
DS626690,,,,1,,,,1,,,,1,0,0,0,0
DS626713,4,4,2,5,5,1,4,6,4,7,10,11,12,7,5,5
DS626720,1,,2,,,,1,,,,1,,1,3,1,1
DS626744,,,,,,,,,,,1,,0,0,0,1
DS626751,,,,,,,,1,,,1,,0,0,0,1
DS626812,,,,,,,,1,,,,,0,0,1,0
DS626850,4,1,2,2,3,2,4,4,2,6,7,9,10,7,3,3
DS680814,3,1,4,1,2,2,1,1,2,1,2,3,1,0,1,2
DS682477,7,7,3,10,6,4,6,4,3,8,5,6,5,3,5,4
DS701442,4,8,3,1,2,2,5,4,2,2,5,5,6,0,6,0
DS701466,7,5,3,6,3,5,10,2,1,1,4,5,4,6,2,1
DS701473,6,5,8,5,5,6,8,6,3,4,9,7,8,9,8,5
DS704017,1,,,1,1,1,2,1,1,2,3,3,1,4,3,2
DS705938,,,,,,,,,,1,6,4,8,8,4,3
DS705945,,,,,,,,,,2,5,4,6,7,3,3
DS705952,,,,,,,,,,2,7,7,10,8,3,2
DS705969,,,,,,,,,,2,6,6,9,7,2,2
DS710215,,,,1,1,,,,,,,,0,0,0,0
DS710222,4,4,1,3,,1,3,2,3,3,3,4,0,1,0,3
DSN05305,2,2,1,3,3,2,1,2,2,3,3,2,2,2,1,2
DSN22759,,2,4,7,,,1,9,6,9,7,6,3,4,8,4
DSN26997,11,3,8,11,13,11,11,10,7,13,16,15,16,7,9,6
DSN80194,,1,,1,,,,,,,,,0,0,0,0
DSN80309,,,,,1,,1,,,1,,1,0,0,0,0
DSN80316,,,,,,,,3,,,1,1,0,1,0,1
DSN81863,12,8,8,10,11,9,10,9,2,3,2,2,2,3,6,2
DSN86004,1,1,1,1,1,1,,1,,1,1,,1,0,1,1
DSN88138,10,3,5,7,6,2,7,9,7,7,6,5,7,8,11,4
DSN95631,,,2,2,1,1,1,1,1,1,2,1,1,1,1,1
DSNN6515,4,1,3,2,2,2,2,3,3,2,2,2,4,2,2,2
DSNN6522,4,7,7,6,6,8,5,5,5,6,6,8,7,7,9,4
DSNN6539,3,3,3,1,,4,3,4,1,3,4,3,2,5,5,3
DSNN6553,6,4,8,7,6,5,4,5,6,5,7,7,5,7,8,3
DSNN6591,5,2,3,4,4,3,3,3,1,3,3,3,2,2,4,3
DSNN6614,6,4,6,5,6,4,4,5,4,5,7,,1,7,7,4
DSNN6638,4,2,1,1,,1,,1,2,2,7,5,2,2,3,0
EN000001,1,2,2,1,,5,1,1,1,1,1,7,5,4,3,3
EN000002,3,5,5,5,4,3,3,3,,4,3,2,4,0,0,0
EN000003,2,5,4,4,2,5,1,3,,,,,0,0,0,0
ER000001,,1,1,,1,,1,1,,,1,,0,0,0,0
F3GM057R,1,2,,,,,,,,,,,0,0,0,0
FC000031,1,1,,1,1,,1,1,1,2,1,1,1,0,0,0
FC000277,1,,1,,1,,1,2,,,2,,1,1,1,1
FC000700,1,,,,,,1,,,1,,,0,0,0,0
FC001588,,,,3,,,,,,,,,0,0,0,0
FC001591,,,1,,1,,,,,,,,0,1,0,0
FC001592,1,,,,,,,,,,,,0,0,0,0
FC004668,,,,,1,1,2,1,,1,1,1,1,1,1,2
FC004682,8,6,8,9,8,8,8,10,6,6,8,5,6,6,8,6
FC004705,,,1,,,,1,,1,,1,2,1,0,0,1
FC004849,,,,,,,,,,,,7,10,7,8,8
FC007071,,,,,,,,,,,1,,1,0,0,0
FC008201,2,1,1,3,1,1,1,,,,,,0,0,0,0
FC014611,,,,,,,,1,,,,,0,0,0,0
FC027851,,,,,,,,,,1,,,0,0,0,0
FC030721,,,,,1,,,,,,1,,2,2,12,19
FC038348,2,1,2,1,2,2,2,3,2,2,1,2,3,1,4,2
FC044336,,,,,,,,,,,,1,0,0,0,1
FC069209,1,1,,1,1,3,3,4,4,4,4,3,3,2,3,1
FC078341,,,,1,,,,,,,,,0,0,0,0
FC082511,2,2,4,5,4,1,3,4,3,3,4,2,4,4,4,4
FC103565,4,4,5,3,5,5,12,15,14,7,5,5,5,5,4,4
FC103664,5,5,5,4,5,6,5,5,7,5,8,13,13,11,11,10
FC147376,3,5,5,4,5,5,5,5,6,5,6,4,5,4,4,4
FC174390,2,2,4,2,3,2,5,2,4,3,3,3,5,2,2,3
FC174406,1,1,,1,,1,,,,,1,,0,0,1,0
FC174413,2,,,1,,1,,2,1,1,,1,0,1,0,2
FC622400,2,1,1,1,2,2,2,2,2,1,2,2,2,2,2,1
FC842671,2,,,,,,,,1,,,,0,0,0,0
FC843181,,,,1,1,,,,,,1,,0,0,0,0
FC845091,7,9,9,11,10,9,10,8,9,7,6,4,3,3,5,4
FC949432,3,3,2,4,6,4,3,3,4,3,5,5,4,3,3,4
FL000001,1,,4,2,1,4,2,2,1,4,2,7,5,3,2,1
FL000002,2,3,4,3,2,5,3,5,2,6,6,14,16,6,2,1
FL000003,,,,,,,,,,1,2,,0,0,0,0
FL000005,3,1,1,3,2,3,4,8,3,5,8,12,6,7,3,1
FL000006,1,,,,,,,,,,,,1,0,0,1
FMC00014,,,,,,,,,,,,2,0,2,2,3
FMC00038,3,6,8,9,9,7,10,11,12,9,7,7,8,4,5,3
FMC00050,,1,3,1,1,2,3,2,2,,3,3,4,2,3,3
FMC00102,1,,,1,,,2,1,2,1,1,1,2,1,2,1
FMC00286,1,1,,1,2,,,1,,1,1,,6,4,5,1
FMP00195,5,5,6,5,8,,,,,,,,0,0,0,0
FOL00008,2,5,3,1,,3,2,3,,1,,,0,0,0,0
FOL00024,2,,,,,,,,,,,,0,0,0,0
FOL00025,5,6,9,,,,,,,,,,0,0,0,0
FOL02613,,,,,,,1,1,1,,1,1,1,0,3,0
FP000001,1,2,1,3,2,2,1,2,2,2,,,4,2,2,3
GM000001,,,,,,6,5,3,4,5,3,3,5,3,3,3
GM008357,8,9,13,16,,,5,4,5,14,7,,0,0,0,0
GM015199,9,6,11,6,9,8,,,,,,,5,11,8,1
GM017827,7,3,1,3,5,3,4,3,3,6,7,6,9,7,4,3
GM034898,2,,2,4,5,3,1,4,4,7,6,1,6,4,4,3
GM047039,7,2,2,3,4,4,4,5,4,5,10,7,8,8,4,3
GM047268,5,5,3,4,6,5,3,6,3,6,5,5,5,7,6,3
GM057069,11,8,8,12,8,12,6,3,3,4,,3,7,4,3,2
GM057076,7,7,5,4,6,5,8,5,5,7,6,6,6,7,6,2
GM300363,6,8,4,5,6,8,10,7,8,8,6,5,7,8,8,3
GM321047,,,,,,,,,,,,3,3,2,2,1
GM401432,6,5,5,4,5,,4,2,5,7,8,5,6,4,0,0
GM621009,5,6,5,7,5,12,,,,2,2,3,1,4,6,2
GM621023,9,5,8,9,4,10,8,5,4,7,9,3,5,7,7,5
GM621030,9,9,10,13,6,11,11,7,6,9,11,7,8,10,9,6
GM621122,2,1,2,1,4,1,3,2,2,3,3,1,3,2,3,0
GM621207,11,2,4,6,5,7,,8,6,8,8,6,7,6,5,5
GM621221,,,,6,5,4,4,3,4,6,6,4,5,3,5,2
GM621306,3,3,3,2,2,3,2,3,1,2,4,3,2,1,2,1
GM621313,5,2,2,1,3,9,1,,,,,,0,0,0,0
GS000422,,,,,,,,,,,,1,0,0,0,0
GS001795,3,1,3,2,2,3,2,5,1,2,2,1,4,1,5,0
GS001849,4,2,3,4,5,3,6,8,3,6,4,3,8,5,1,2
GS001856,3,1,4,1,2,5,4,5,1,2,2,4,6,4,5,4
GS002174,6,2,5,2,,,4,11,4,1,3,1,3,3,2,1
GS002730,2,,1,,,,1,1,,1,,1,0,0,2,1
GS002747,1,1,2,1,1,,1,2,1,3,,1,0,0,2,1
GS002754,,,1,,1,,2,2,,1,,2,2,2,0,1
GS002761,1,,1,,1,,1,1,,,1,1,3,1,0,1
GS003676,1,1,1,1,1,,1,2,1,3,,2,1,1,1,1
GS012010,,,,3,5,4,7,5,4,1,1,2,0,0,1,3
GS012041,,,,3,4,4,3,2,,,,,0,0,0,1
GS043011,,1,2,,1,1,,1,,2,,2,3,0,0,0
GS043080,,,11,6,7,1,4,2,2,,,2,1,1,2,0
GS043110,6,10,11,7,,4,9,8,4,8,8,9,8,1,10,7
GS043134,7,5,12,7,,6,13,9,5,7,5,10,5,0,3,0
GS043165,1,,2,,1,1,1,1,1,1,2,2,1,0,3,1
GS043172,1,,3,2,5,2,5,4,3,3,,,7,3,8,0
GS043189,2,8,14,11,,5,14,8,3,7,10,7,4,1,10,3
GS043196,,8,12,11,,6,11,11,5,15,14,7,0,1,0,0
GS043219,,,1,,1,1,1,1,,,1,,0,0,0,0
GS043226,1,3,,2,4,5,4,4,2,3,1,,0,0,1,0
GS043233,2,3,1,2,3,,4,4,3,3,5,4,5,2,8,1
GS043240,2,2,1,1,4,4,3,4,2,4,4,,0,2,0,0
GS043257,1,3,2,2,4,1,4,4,2,5,2,4,4,4,7,2
GS043264,,,1,,1,,2,,1,,1,,0,1,0,0
GS043295,10,8,6,16,9,8,7,12,7,9,7,8,0,1,6,0
GS043301,6,11,10,14,12,7,14,8,,,6,10,5,2,6,0
GS043325,1,,,3,1,,1,,1,,1,,2,1,1,0
GS043363,5,1,1,,,,,1,2,1,2,,6,2,1,1
GS043387,6,3,1,7,3,3,5,4,4,3,4,2,6,0,0,0
GS043394,13,6,6,,3,1,,4,3,7,5,2,11,7,3,0
GS043400,4,6,7,8,10,5,2,6,1,6,2,4,4,2,0,0
GS043417,,1,2,,2,1,5,2,2,3,3,1,1,2,3,1
GS043424,,,3,1,4,7,1,3,,5,2,1,2,1,0,0
GS043455,1,7,10,8,11,13,9,5,5,5,5,2,7,5,7,0
GS043479,,3,4,5,3,1,,1,,,,1,3,1,4,0
GS043486,,6,2,4,2,,2,3,1,1,,,0,1,0,0
GS043493,,,2,9,8,5,11,7,3,2,1,2,0,0,0,0
GS043509,,,1,4,4,3,3,1,2,1,1,1,4,1,1,1
GS043516,,,1,6,4,3,3,4,3,4,4,2,2,0,0,0
GS043523,,,,5,3,4,4,2,2,1,2,,0,0,0,0
GS043530,7,2,2,2,1,,1,2,1,1,1,2,4,0,0,1
GS043547,,5,15,15,8,9,11,9,5,,,1,3,0,0,0
GS043554,,7,14,14,12,12,7,4,3,6,3,1,0,0,0,0
GS043639,,,,,,,,,,5,,,0,6,11,5
GS043684,,,,,,,,,,,,3,6,2,4,3
GS043707,,,,,,,,,,,,3,2,0,2,1
GS043806,3,6,6,2,2,2,5,5,1,,,,0,0,0,0
GS043813,,5,7,2,2,2,6,4,3,,,,0,0,0,0
GS043837,1,1,,1,1,,,1,,,1,1,1,0,0,1
GS043912,7,3,1,8,2,2,4,4,4,2,3,2,5,2,2,0
GS043943,,4,4,4,4,2,1,,2,,1,1,2,1,3,0
GS072825,4,3,3,3,4,3,4,6,4,1,3,3,4,3,2,3
GS092005,6,4,4,5,4,5,5,5,3,3,5,6,6,5,2,3
GS092135,5,2,,5,5,5,5,5,4,6,4,4,5,2,0,6
GS092142,6,3,4,5,4,3,6,4,5,,,,4,3,2,3
GS092197,8,4,6,6,5,7,5,9,6,7,5,4,7,4,4,1
GS092241,5,2,3,2,3,2,3,3,3,3,5,7,8,3,4,1
GS092333,9,5,5,8,4,7,9,8,2,9,4,5,5,3,3,6
GS092340,10,8,8,10,11,10,9,10,7,10,10,8,11,10,8,7
GS092432,3,2,3,1,,,,,1,2,1,1,2,3,0,1
GS092449,10,8,9,7,9,5,8,8,4,4,3,,0,0,0,3
GS092456,12,4,,4,10,8,7,12,6,12,8,8,10,6,8,6
GS104494,,,5,8,2,1,4,6,3,2,,,4,1,3,1
GS104555,,,,5,6,4,4,7,2,3,,1,4,1,3,1
GS104821,1,4,3,3,2,4,5,4,2,4,5,,1,2,2,3
GS106757,2,6,5,5,12,5,5,4,,,7,4,4,0,3,2
GS107501,5,7,,,9,13,8,9,5,10,8,3,0,0,0,0
GS107952,6,2,6,10,,,,,,,,,0,0,0,0
GS108379,6,9,10,10,14,7,10,6,4,1,2,,4,5,8,3
GS108515,7,9,6,3,11,11,8,11,6,3,3,2,2,0,0,0
GS108782,2,5,3,5,5,5,4,4,4,5,7,5,4,2,4,2
GS108812,5,8,9,6,10,8,9,6,5,6,,1,0,0,0,0
GS111180,,,4,4,2,,,1,,1,,,1,1,1,0
GS112439,3,,5,4,1,,2,2,1,,,1,1,1,2,0
GS117250,1,,,,,,2,1,2,1,1,,2,1,2,0
GS122253,,,,,,,3,,,,,,0,0,0,0
GS122567,3,4,,1,,,,1,,,,,0,0,0,0
GS122581,2,1,,,,,,,,,,,0,0,0,0
GS122604,,2,,,,,,1,,,,,0,0,0,0
GS134495,7,8,4,4,5,5,1,,,,,,0,0,7,8
GS134532,9,5,6,5,4,5,7,,,,,,0,0,0,0
GS134655,6,5,5,4,6,2,,,,,,,0,0,0,0
GS153728,,,,,,,,,,3,3,2,9,3,4,1
GS320744,1,,,10,12,12,11,5,1,1,1,,2,1,3,5
GS320751,,,,4,6,5,6,4,4,4,1,,3,2,3,8
GS446044,,,,,,1,1,2,1,1,2,1,2,1,1,1
GS446167,,,1,3,3,3,3,1,,,,,0,0,0,0
GS446204,1,3,4,4,5,4,4,3,1,,,,0,0,0,0
GS446235,2,3,2,2,2,4,4,5,3,5,6,6,4,0,0,0
GS446242,,1,1,4,6,3,5,5,,3,8,3,3,4,12,5
GS446266,1,,,,1,,,,,1,,,1,0,0,0
GS446334,3,5,4,8,6,,,,,,,,0,0,0,0
GS446341,,1,1,3,4,1,2,4,,3,3,3,1,1,3,1
GS446488,,1,,3,3,2,3,,2,2,2,1,1,0,2,1
GS446495,2,4,3,9,9,2,,,1,3,,,0,1,7,3
GS446525,3,2,1,5,2,1,,,,1,3,,0,1,4,1
GS446532,1,,,,1,,,,,,,,0,0,0,0
GS446556,,3,1,1,2,,1,1,1,2,1,2,0,1,2,1
GS446563,,2,1,1,1,1,1,1,1,,,,0,1,2,0
GS446570,,2,1,1,1,1,2,,1,1,,,0,1,2,1
GS446594,6,7,7,12,16,10,4,,,,,,0,0,0,0
GS446617,5,3,5,10,8,9,6,1,,10,12,1,0,0,8,3
GS446624,2,1,3,2,2,3,2,4,1,1,,,0,0,0,0
GS446631,7,5,6,8,9,13,10,9,5,,,4,8,1,2,0
GS446648,5,6,7,5,10,11,6,7,1,,,,0,0,0,0
GS446709,1,,,,,,,,,,,,0,0,0,0
GS446716,,1,,1,2,1,1,1,1,,1,2,0,2,2,0
GS446723,,1,2,2,6,,,4,3,7,5,4,4,5,9,3
GS446730,,,1,,1,2,1,3,1,2,1,2,0,1,4,0
GS446747,,,,,,,5,4,2,4,5,4,8,5,12,4
GS446785,2,2,,,,,,,,,,,0,0,0,0
GS446839,1,1,1,1,3,,,,,,,,0,0,0,0
GS446891,1,4,4,7,16,10,2,2,,6,1,6,1,0,3,4
GS446914,3,5,4,7,9,7,14,4,,6,11,,0,1,8,4
GS446921,1,5,2,3,6,5,12,5,2,6,5,4,3,5,5,2
GS446938,6,,6,,,,,1,1,2,1,1,2,1,1,0
GS446969,8,4,3,,,,,,,,,,0,0,0,3
GS472829,,,,8,3,2,3,8,4,3,4,2,3,1,1,2
GS474571,3,,,1,1,2,1,2,1,2,,2,2,1,2,2
GS568003,7,5,5,4,5,5,3,6,3,4,,,0,0,5,6
GS568393,4,10,11,11,4,15,14,8,1,,,,4,3,5,3
GS568508,5,2,3,2,4,2,3,3,1,,,,0,0,0,0
GS703007,,,,,,,,3,2,2,2,,4,2,1,1
GS703052,,,,,,,,,,1,,,0,0,6,9
GS703076,,,,,,,,,,,,3,9,7,14,1
GS703182,,,,,,,,,,6,,,0,7,15,5
GS703212,,,,,,,,,,,,1,8,4,13,8
GS703250,,,,,,,,1,1,,1,,2,1,0,0
GS703366,,,,,,,,,,,,3,5,4,4,2
GS703373,,,,,,,,,,,1,1,0,0,1,0
GS725274,8,2,2,7,4,3,2,8,1,3,5,1,7,3,4,2
GS725892,20,9,6,3,2,2,1,2,1,,,,0,0,0,0
GS726004,7,6,8,11,8,10,11,9,5,10,9,7,11,10,11,5
GS726455,13,5,2,3,2,2,1,,1,1,,,3,1,0,0
GS759047,11,6,7,10,9,1,12,10,10,6,10,8,12,5,11,9
GS859290,11,4,6,8,8,12,13,14,7,7,4,5,8,5,5,4
GS884343,9,6,5,5,4,8,12,6,8,11,7,6,8,3,5,3
GS884381,8,6,4,5,4,4,5,6,6,6,8,6,9,4,4,1
GS906892,3,2,3,3,3,3,1,2,3,2,2,2,0,3,2,1
GS910257,,,,,,,,1,,,,,0,0,0,1
GS910264,2,,1,,1,1,1,2,1,1,,1,1,1,0,2
GS910271,1,,1,,1,,1,1,,,1,,2,0,0,1
GS914507,,,1,6,1,1,,,,,,,0,1,0,0
GS982834,4,4,5,3,3,4,3,3,3,,,,6,2,3,2
GS982988,3,5,4,4,1,3,3,5,3,3,3,1,6,1,2,0
HD340013,,1,,1,,1,,,1,,1,,0,1,0,1
HD340020,,,1,1,1,1,1,,1,1,2,1,1,0,1,0
I0000859,1,1,2,2,,,3,1,1,1,1,2,1,1,1,1
I0004359,7,7,6,6,9,5,5,9,6,10,9,10,12,7,8,7
I0004498,2,1,2,1,1,2,1,3,2,2,1,2,3,1,2,2
I0004500,11,9,8,8,10,8,10,4,3,3,3,4,3,4,4,3
I0011606,11,11,15,13,12,8,8,10,5,10,9,10,8,7,9,10
I0011607,5,5,6,4,4,5,5,3,5,5,6,5,4,5,5,5
I0012306,,1,,1,4,2,4,4,2,4,4,3,2,3,2,3
I0030059,5,3,3,5,2,4,3,5,3,5,5,4,4,5,5,3
I0161910,,,,1,,,,1,,,,,1,0,0,0
I0162910,1,,,,,,1,,1,1,1,1,0,0,1,0
I0192910,10,9,6,10,7,6,4,,,,,,0,0,0,0
I0194475,9,3,10,5,5,,,,,,,,0,0,0,0
I0251059,8,6,7,6,9,10,6,8,7,6,11,12,11,6,9,5
I0501059,9,5,6,10,14,12,17,9,7,10,12,11,12,9,9,5
I1004246,9,6,6,6,6,5,6,8,8,7,6,6,7,7,7,6
I1110059,3,1,1,,,,,,,,,,0,0,0,0
I1325633,11,8,12,12,11,14,11,11,7,9,6,7,9,5,6,7
I1349273,6,1,3,3,4,1,4,3,2,4,2,3,3,2,4,3
I1357593,13,17,15,15,18,14,12,17,10,14,12,9,17,10,8,14
I2222059,3,,,,,,,,,,,,0,0,0,0
I2241559,2,1,2,,,,,,,,,,0,0,0,0
I4002905,,,,1,,,,1,2,,,,0,0,0,0
I4303873,3,4,3,4,5,3,5,2,4,7,5,5,5,14,13,8
I4304873,3,3,5,3,5,6,3,5,3,5,4,6,5,3,3,3
I5602449,16,13,19,15,18,16,14,15,13,11,14,15,16,14,11,12
I5603449,6,4,7,6,7,8,7,7,4,5,6,6,6,6,7,8
I5604449,6,5,5,3,7,5,4,5,2,4,6,4,6,4,5,6
I5608449,1,1,1,,2,2,1,2,1,2,1,1,2,2,1,2
I5631449,4,2,4,3,5,4,4,4,3,6,3,4,4,4,4,3
I5634449,1,1,2,1,5,4,2,3,2,3,3,2,2,2,2,1
I5635449,5,3,3,4,3,7,3,4,4,4,4,3,5,4,2,3
I5636449,3,3,5,2,2,3,2,4,1,3,4,2,2,2,3,0
I5637449,3,1,3,2,3,4,2,3,3,3,2,2,4,3,1,2
I6002965,3,3,3,2,3,2,3,3,2,2,4,3,2,2,2,2
I6004059,6,6,6,7,6,7,10,9,7,9,8,11,12,6,10,9
I6004235,3,3,3,4,3,3,4,2,3,4,3,4,2,3,2,3
I6006159,4,3,3,1,5,2,3,2,2,2,3,2,3,1,3,2
I6701537,5,3,6,8,9,7,6,9,7,6,9,4,7,6,4,1
I7202905,13,10,14,12,17,12,13,15,7,15,9,10,8,8,9,7
I7203905,10,9,9,4,15,10,12,10,9,10,6,8,9,8,10,6
I7204379,7,7,6,6,7,7,7,7,5,10,9,10,8,7,9,6
I7601669,,1,,,,,,,,,,1,0,0,0,0
I8676959,1,1,4,1,1,1,1,1,1,,3,6,11,1,2,2
I9209859,1,,2,,1,,1,,1,1,1,1,1,1,2,1
IV000011,4,1,5,3,3,3,2,3,3,4,4,4,6,3,4,2
IV000012,3,,1,1,,1,3,,,,3,,2,0,0,0
IV000014,,,,,,2,1,,1,1,1,1,0,0,0,0
IV000015,1,1,2,1,3,2,2,1,4,2,3,4,4,1,0,0
J2251700,1,2,2,2,2,,1,2,1,,3,,2,0,2,1
J2251701,2,2,2,,3,1,,3,1,,1,1,2,1,3,0
J2251702,1,1,3,1,2,2,1,1,1,1,1,1,2,1,1,1
J2251703,,,1,1,,,1,,,1,,1,1,0,0,0
JC000007,6,4,4,5,5,6,4,5,4,5,2,2,3,2,2,1
JC000015,15,14,13,16,13,9,9,12,7,9,12,7,11,0,1,4
JC000021,3,1,2,2,1,2,1,1,3,3,3,2,4,2,2,2
JC000024,3,4,3,3,5,5,5,7,5,4,4,3,6,4,4,3
JC000026,5,2,2,4,3,4,4,4,2,4,4,4,2,2,4,3
JC000032,4,4,4,3,4,3,3,5,4,4,4,5,8,4,4,3
JC000034,2,2,2,3,2,1,1,3,1,,1,1,1,1,2,1
JC000035,9,10,13,13,12,8,12,11,10,12,10,9,10,7,9,5
JC000036,6,5,6,5,4,7,3,8,5,7,4,3,3,1,3,1
JC000051,1,1,1,1,1,2,1,,1,3,1,1,2,1,2,2
JC000053,1,1,,1,1,1,1,1,,1,1,1,9,9,8,8
JC000063,1,,1,1,1,1,1,1,1,2,1,1,1,1,1,0
JC000084,3,,1,1,2,,1,1,,2,1,,2,1,1,0
JC000085,2,,1,1,,2,1,,,2,2,1,3,0,2,1
JC000086,2,2,2,1,2,2,3,1,3,1,1,2,2,2,2,2
JC000099,,,,1,,,,,,,,,0,0,0,0
JC000100,1,1,1,2,1,1,2,,1,1,3,1,0,2,0,0
JC000101,1,2,1,3,1,1,1,2,,2,1,1,1,1,1,0
JC000104,2,,2,3,2,1,2,,,2,2,,0,0,1,0
JC000128,,,,,,1,,,,,,,0,1,0,0
JC000131,,1,,1,1,,,,,,,,0,0,0,0
JC000132,,,,1,,,,,,,,,0,0,1,0
JC000145,4,4,4,4,3,5,4,5,4,3,4,3,4,2,4,3
JC000146,4,6,5,6,5,6,5,7,6,5,4,5,5,5,3,3
JC000147,9,7,11,10,8,8,8,8,8,7,8,10,8,8,10,6
JC000148,4,4,5,5,3,5,5,6,3,4,4,5,4,3,6,5
JC000151,2,,2,1,1,,1,3,,3,,,1,1,1,1
JC000159,2,,,,,,1,,,1,1,,0,2,1,0
JC000170,,,1,,,,,,,,,,0,1,0,0
JC000171,,,2,,,,,,,,,,0,1,0,0
JC000183,1,,,,,,,,,,,,0,0,0,0
JC000184,,,,,1,,,,,,,,0,0,0,0
JC000186,3,,4,3,1,,,,,,,,0,0,0,0
JC577091,1,,1,,,1,,,,,2,,1,0,1,0
JC577107,1,,1,,,1,,,,1,,,2,0,1,0
JC577114,2,,,,1,1,,,1,2,2,,2,1,0,0
JC577138,3,2,3,3,3,4,3,3,3,3,3,3,3,4,2,3
JC577206,4,3,4,3,5,3,3,2,3,4,2,2,3,2,1,3
JC577213,5,4,7,7,6,5,6,5,4,5,6,5,5,2,5,4
JC577305,6,5,5,4,5,5,5,5,3,5,5,6,6,4,5,3
JC577329,2,2,1,1,3,3,2,1,,2,2,,2,2,2,3
JC577343,,1,1,,2,3,,2,1,1,2,1,2,1,3,1
JC577350,2,1,1,2,1,3,1,,2,2,1,2,1,1,1,1
JC577367,3,2,2,3,3,3,3,2,2,2,2,2,4,3,2,1
JC577374,4,3,2,3,4,2,2,4,2,4,4,2,5,3,3,1
JC577480,4,2,2,4,1,3,3,4,2,2,3,4,6,4,4,4
JC577572,,,,,,,,,,1,,,1,1,0,0
JC931065,2,3,1,2,1,2,1,1,1,2,,2,2,1,2,2
JC932543,2,,1,,1,1,1,,,1,,1,0,1,0,1
JC932604,1,1,1,2,,2,1,1,,2,,2,1,1,1,1
JC932611,1,,1,,,1,,,,1,,,0,1,0,1
JC932628,1,,1,1,1,1,1,1,1,,,1,1,1,1,0
JC932635,1,1,1,2,,2,1,,1,1,1,1,1,1,1,0
JC932642,1,,,1,,,,1,1,,,1,0,0,0,0
JC932659,,1,,1,,,,,,,,,0,1,0,0
JC932666,,1,,,,,,,,,,,0,0,0,0
JC932673,1,1,,1,1,,1,,,,2,,1,1,1,0
JC932680,,1,,1,1,,,,1,2,,1,0,0,1,0
JJ084027,7,4,2,5,5,5,4,8,4,4,4,3,6,2,3,0
JJ099318,5,4,6,8,9,10,9,11,5,5,4,3,8,5,6,5
JJ124140,,2,1,2,3,2,1,2,1,1,2,1,3,1,3,4
JJ124386,8,5,4,9,8,9,8,7,8,10,5,7,8,6,7,5
JJ124478,8,7,8,8,9,9,10,13,9,12,7,6,9,4,3,4
JJ253886,7,4,4,8,6,14,15,9,5,1,2,2,2,1,1,0
KC000150,7,8,3,8,7,5,8,8,6,3,6,9,5,5,5,4
KC000198,9,11,1,6,5,9,11,9,5,9,6,6,7,6,8,4
KC000426,2,3,,,,,,,,,,,0,0,0,0
KC000822,5,5,1,,,,,,,,,,0,0,0,0
KC001959,8,9,10,7,9,9,12,7,2,7,4,3,5,5,6,2
KC001966,2,7,3,2,,,3,7,,,,,0,0,0,0
KC003128,,,,,,,,,,5,10,12,6,5,4,2
KC007289,15,10,7,6,6,9,10,10,3,8,,,0,0,0,0
KC009274,15,8,10,8,10,12,15,13,8,12,8,11,9,10,11,6
KC009281,14,6,,9,7,15,12,11,5,10,5,8,12,8,10,5
KC009380,10,,,,,,,,,,,,0,0,0,0
KC009519,7,9,10,7,10,8,8,11,8,7,4,10,10,7,8,4
KC009571,,,,4,7,3,,,,,,,0,0,0,0
KC014980,8,4,3,4,7,5,4,5,3,7,4,2,8,7,2,3
KC015000,14,14,10,12,10,11,17,17,,8,14,12,12,11,10,10
KC015109,9,8,5,3,6,5,9,,,9,11,8,10,9,8,8
KC015154,4,,,13,11,10,10,12,4,10,6,5,6,7,4,2
KC015680,9,5,6,5,6,3,,,,6,10,3,0,0,1,12
KC015697,13,11,9,8,8,9,11,8,6,11,6,5,4,5,0,0
KC015727,11,12,,2,11,7,8,10,5,7,8,9,8,11,10,9
KC020059,7,5,8,5,5,7,8,5,,7,1,2,4,2,2,0
KC020257,8,8,11,8,1,,,,,8,2,3,3,2,3,1
KC021056,3,4,3,4,,,2,12,4,8,3,4,8,5,5,5
KC021094,14,14,11,11,6,9,13,8,3,5,3,5,3,5,3,2
KC021117,11,10,10,8,14,10,2,8,,7,8,14,12,7,3,0
KC021131,10,8,2,4,,,7,14,5,7,3,7,1,10,5,3
KC021230,5,4,5,5,6,4,5,10,4,8,6,5,4,5,0,0
KC021254,16,11,13,13,10,19,13,2,,3,1,5,4,4,3,4
KC030119,5,7,10,6,3,4,5,9,2,7,3,3,4,3,3,2
KC030270,11,9,10,9,13,10,17,15,3,6,3,8,3,12,11,8
KC040118,14,10,7,11,8,4,11,15,7,9,6,11,6,7,7,6
KC040163,10,6,7,12,12,12,16,15,3,3,6,4,7,4,5,8
KC050018,19,17,,2,13,11,13,14,5,8,7,14,9,7,6,5
KC050056,4,4,5,5,7,5,6,1,,7,8,5,5,5,5,3
KC050094,10,6,11,10,10,9,13,9,,1,6,6,8,6,5,3
KC050124,12,11,6,,10,1,6,11,8,11,11,15,10,13,16,11
KC060307,14,14,11,13,11,13,14,15,6,11,5,6,5,3,6,3
KC070054,15,,,17,18,14,15,12,6,5,7,9,10,8,8,5
KC070092,7,4,,9,10,9,8,6,,9,12,8,9,6,8,6
KC090250,5,6,7,4,6,,3,1,,1,9,8,10,10,4,6
KC090458,9,10,6,7,9,9,5,9,,6,10,8,11,4,0,0
KC090557,7,8,4,4,8,5,9,,,,,,0,0,0,0
KC090656,,14,12,10,,,1,,,8,8,3,2,0,0,0
KC350010,7,5,5,6,8,12,5,6,9,10,7,9,10,9,5,4
KC350027,19,15,10,13,11,8,5,,,,,,0,0,0,0
KC350041,7,6,6,4,4,3,10,1,,,6,,10,10,8,7
KC351802,1,3,4,3,3,3,6,6,2,,5,6,6,1,0,0
KC352007,6,4,7,8,5,4,4,7,1,4,5,8,8,7,6,6
KC354308,6,5,9,1,,,,,,5,6,9,6,3,0,0
KC358009,4,4,1,,,,,,,,,,0,0,0,0
KC358047,8,6,8,5,2,3,5,1,,,,,0,0,0,0
KC358054,12,7,9,8,2,,,,,,,,0,0,0,0
KC453834,1,,,,,,,,,,,,0,0,0,0
KC453957,,,,,,,7,18,,2,5,7,7,7,6,5
KC830000,,,,,,,11,13,2,1,4,,4,6,6,10
KU000009,,,,1,,,,,1,,,,0,0,0,0
KU000015,3,3,4,2,1,2,1,1,2,4,,1,0,2,0,1
KU000018,2,3,3,2,3,3,2,4,5,5,5,6,5,3,4,4
KU000019,,,,,1,,,,1,,1,1,1,1,2,1
KV011274,4,13,10,10,11,11,9,9,6,9,7,9,6,9,7,6
KV031272,,,,,,3,1,1,2,1,1,,1,1,0,1
KV033276,3,1,3,2,2,4,2,4,2,6,4,2,3,3,3,2
KV035270,1,1,2,1,3,1,1,1,1,3,1,2,0,3,1,0
KV144032,7,5,4,6,7,7,7,6,4,8,7,8,8,6,9,6
KV144063,1,,,1,,,,,,1,,,1,0,0,0
KV144070,,1,1,1,1,1,1,2,1,1,1,1,1,1,2,1
KV144117,,,1,,,1,,,,1,,,0,0,2,0
KV144124,,,,,,,,,,,1,,0,0,0,0
KV144148,,,1,1,,,,,,,,,0,0,0,1
KV144155,,,,,1,,,,,1,,,0,0,1,0
KV144179,,,,,,,,1,,,,,0,0,0,0
KV144186,3,2,3,2,4,3,2,4,2,4,4,3,4,4,2,4
KV144193,,,,,,,1,,,1,,,0,0,0,0
KV144209,,,,1,,,,,1,1,1,,0,0,0,1
KV144223,,,,,,,,,,,1,,0,0,0,0
KV144254,,,,1,1,,,,1,,,,0,0,0,1
KV826282,6,5,6,6,4,6,8,6,1,5,9,6,6,3,6,8
KV826305,,,1,1,3,3,3,2,2,,2,,3,0,2,1
KV826343,1,1,2,5,4,2,1,2,2,3,4,4,3,2,1,1
KV826411,,,,2,3,2,5,4,4,2,9,9,6,4,3,2
KV880426,,,,,,,,,,,,1,0,0,0,0
KV880464,,,,,,,,1,,,,,0,0,0,0
LO000001,6,4,6,5,7,6,7,15,4,5,5,7,2,0,0,0
LO000003,1,1,2,1,2,2,2,7,3,6,5,9,7,5,6,7
LZ000001,8,2,2,2,1,1,1,7,2,3,4,10,7,2,0,2
LZ000002,6,2,2,2,2,1,,7,1,6,6,10,6,2,0,0
M3921031,11,7,9,12,12,11,15,13,12,10,12,12,14,11,14,9
M3941031,13,12,11,10,13,11,15,12,10,14,11,8,15,10,13,10
M5151601,1,,,,1,,,,,,,,0,0,1,0
M56B1601,14,16,16,14,15,13,11,8,8,9,10,11,13,8,9,9
M6744120,2,,,3,,,2,,1,,1,1,0,0,0,0
M8030030,5,6,7,8,8,7,1,5,2,4,2,3,2,0,0,0
M8040030,,1,2,1,1,1,1,1,,1,1,1,1,0,1,1
MCB116B1,2,4,6,7,6,3,4,6,3,4,5,7,3,4,8,4
MCB116B4,1,1,1,3,2,2,2,2,2,1,1,3,1,2,3,2
MCB116B6,5,3,6,4,3,4,2,3,2,3,4,3,2,4,4,4
MH001886,,1,,,,,,,,,,,0,0,0,0
MH105483,,2,,,,,,,,,,,0,0,0,0
MP000006,3,,1,1,1,,1,1,,2,2,5,0,2,1,0
MP000007,1,1,1,,,1,1,1,1,1,1,,1,1,1,0
MP000015,,,1,,,1,,,,,,,1,0,0,0
MP000022,,,,,,1,,,1,1,1,,1,0,0,0
MP000298,2,,1,,1,1,,,,,,1,0,0,1,0
MP000304,1,1,1,1,1,,2,1,,2,,1,1,1,1,0
MP000311,2,,2,2,1,2,,1,1,2,1,1,2,1,1,1
MP000634,3,2,1,1,2,1,2,3,1,1,2,1,3,1,3,1
MP001028,,,1,,,,,,,,,,0,1,1,0
MP001748,,,1,1,,1,1,1,1,1,,,1,0,0,1
MP001749,2,,2,1,2,1,1,2,,2,1,1,0,1,1,0
MP001750,,1,,,,,,,,,,1,0,0,0,0
MP001751,,,,1,,,,1,,,,,0,0,1,0
MP001752,,,,1,,,,,,,,,1,0,0,0
MP001753,,,,,,1,,,,,,,0,0,0,0
MP034163,8,6,6,7,8,7,8,6,2,6,7,8,7,6,8,4
MP070060,,,,,,,,1,,,,,1,0,1,0
MP095099,9,9,10,10,10,11,13,8,6,11,7,11,9,8,6,6
MP095105,2,3,2,3,2,3,2,2,3,2,2,2,3,2,2,2
MP097796,1,2,1,1,,2,1,1,1,,2,2,1,1,0,1
MP107310,13,10,9,1,6,13,6,13,7,8,9,6,2,0,0,0
MP107402,2,1,1,1,,3,1,2,3,1,1,2,1,3,1,1
MP107464,3,2,3,,,1,7,9,,12,8,8,9,6,5,6
MP107471,,1,,1,,,1,,,,1,,0,0,0,0
MP173183,6,2,1,3,9,8,6,6,8,4,3,3,4,4,6,5
MP173510,4,3,5,3,3,1,2,5,2,1,,2,6,1,1,1
MP199016,5,4,8,8,9,6,8,6,3,1,,1,9,5,7,12
MP202013,13,11,23,15,10,12,9,6,7,8,7,10,7,0,12,9
MP220011,,,,,,,2,2,,1,2,,0,1,0,0
MP229225,,,,,1,2,,,,1,2,1,0,0,1,2
MP247165,,,,,,,,,,,1,,0,0,2,0
MP339988,6,5,5,5,6,5,4,7,3,8,2,3,4,8,6,6
MP448066,1,1,1,,,,3,,,,,1,0,0,2,0
MP448134,4,3,6,6,5,2,2,3,3,4,5,14,20,14,15,16
MP448141,1,1,1,1,1,1,,1,1,1,1,,1,0,1,0
MP448202,4,3,2,3,2,2,2,4,3,2,3,2,2,4,2,1
MP448233,4,2,4,2,2,3,5,5,4,5,3,4,4,4,4,3
MP448264,,,2,,1,1,1,1,1,1,1,,0,1,1,1
MP448271,2,4,2,2,,,1,5,2,3,2,2,4,4,3,1
MP448301,2,2,2,1,3,2,2,3,2,4,3,3,3,2,3,1
MP448325,2,1,2,1,2,1,2,2,1,2,3,1,3,1,1,1
MP448332,1,1,,,1,1,,2,2,2,2,2,3,1,1,1
MP448424,1,2,2,1,1,1,1,1,1,2,1,3,1,1,2,1
MP448707,4,5,4,5,7,4,6,5,5,5,5,5,6,6,4,4
MP448714,8,5,7,9,8,8,9,8,8,9,6,8,7,4,5,4
MP505257,9,7,8,6,10,10,8,9,7,10,6,10,9,5,9,6
MP555390,2,1,2,1,2,20,13,5,1,6,2,3,3,2,2,3
MP557232,,,,,,1,,,,,,,0,0,0,0
MP573000,,2,,,1,,1,,,1,2,,2,1,0,1
MP573017,1,1,,,1,,1,1,,,,1,1,1,0,1
MP573024,,,1,,1,1,1,1,,1,1,1,1,0,2,0
MP573031,,1,1,1,,2,,2,,2,1,,2,1,1,1
MP573048,,1,,1,,,,2,,,1,,1,0,0,1
MP573055,1,,,,,,,1,,,1,,0,0,1,1
MP573130,,1,,,,,,1,,,,,0,0,0,0
MP573147,,,,,1,,,1,,,,,1,1,0,0
MP573154,,,,,,1,,,,,,,0,0,0,0
MP573161,,,,,,,,,,1,,1,0,1,0,0
MP573178,4,3,2,3,2,3,3,3,2,3,3,3,2,3,1,1
MP573208,6,6,6,5,6,4,5,6,6,9,7,9,7,6,6,6
MP573239,10,10,9,11,10,9,12,8,3,5,3,4,6,5,4,3
MP705104,1,2,2,2,1,2,2,3,2,2,1,3,1,2,2,2
MP800904,10,20,21,20,11,8,9,10,8,10,12,11,12,11,13,7
MP843292,4,3,4,2,8,4,8,5,3,5,5,5,11,6,5,4
MP980180,11,8,7,4,5,4,3,5,3,9,11,12,11,9,8,4
MPS00007,,,,,,,,,,1,1,,0,0,0,0
MS000002,,2,3,2,3,1,1,4,,,,,0,0,0,0
MS000003,,1,,,1,,1,,1,2,1,1,2,1,2,1
MYTP210,,,,,,,,,1,,,1,0,0,0,0
MZ011606,3,5,1,1,2,5,1,3,2,3,4,3,2,2,3,2
MZ017138,6,3,6,4,4,8,4,5,4,6,4,5,5,4,9,4
MZ017367,2,1,1,1,2,,2,1,2,2,1,2,2,2,1,0
MZ017398,,,,1,1,1,1,,1,1,,,0,1,0,1
MZ017404,1,2,2,1,2,1,2,,,1,1,1,2,0,1,1
MZ017459,9,9,11,8,3,12,7,3,2,5,4,5,3,2,5,1
MZ017466,,,1,3,5,4,3,4,3,3,5,4,4,3,6,3
MZ017473,4,4,4,5,4,5,4,4,3,3,5,5,4,6,10,3
MZ017718,10,3,6,9,5,12,8,7,7,10,10,9,7,6,10,6
MZ055709,8,3,3,6,8,8,6,7,8,13,17,14,13,9,4,4
MZ055716,10,5,4,6,7,7,5,9,6,15,18,12,20,10,6,4
MZ055723,15,7,7,6,8,10,10,9,10,17,13,10,11,8,7,3
MZ055730,8,5,6,7,8,9,9,10,6,12,6,7,13,7,3,3
MZ055754,1,1,1,2,1,1,1,1,1,1,1,2,1,2,1,1
MZ055778,2,1,1,2,,2,1,2,1,1,3,1,2,2,1,1
MZ055785,2,1,2,2,4,2,3,1,1,2,2,2,2,2,1,1
MZ055792,,,,,,,,,,1,,,0,0,0,0
MZ055808,4,5,3,4,5,4,5,2,3,3,1,7,4,4,4,1
MZ055853,,,,,1,,,1,,1,,1,2,1,1,0
MZ221612,2,3,3,5,,1,2,,,,,,0,0,0,0
MZ275035,2,6,4,1,,,,,,,,,0,0,0,0
MZ275042,2,6,4,3,,,,,,,,,0,0,0,0
MZ275059,2,2,1,4,,,,,,,,,0,0,0,0
MZ275189,,,,,,1,,,,,,,1,1,2,2
MZ275196,,,,,,1,6,,2,1,2,1,0,3,3,2
MZ275202,,,,,2,6,4,,,,3,3,3,3,4,4
MZ275943,,,,1,1,,,1,,1,1,,0,1,1,0
MZ275950,,,1,,1,1,1,1,,1,,,1,0,0,0
MZ275967,,,,1,1,2,,1,,,,1,0,1,0,0
MZ407478,6,1,2,2,5,4,4,1,3,5,6,12,13,6,4,3
MZ412001,2,2,,1,1,2,2,2,1,1,3,1,0,2,1,1
MZ412018,3,5,3,2,5,3,,,2,2,4,2,2,3,2,2
MZ412025,2,6,3,3,,,,,1,4,4,4,4,3,2,1
MZ412124,,,,,,,,1,,,,,0,1,0,0
MZ412131,,,,,,,,2,,,,1,0,0,0,1
MZ412148,,,,,,,,2,,,,,0,1,0,0
MZ412278,,1,,,,1,,,,,,,0,0,1,0
MZ412285,2,1,,,2,,,1,1,,1,,1,1,0,1
MZ412292,2,1,,,1,1,1,,,,1,2,1,0,0,0
MZ412308,,,1,,,3,2,,1,1,1,1,0,1,0,0
MZ412315,,,1,,,2,2,1,,1,1,,1,1,1,1
MZ412322,,,1,,1,2,1,,1,1,1,,0,2,0,1
MZ412469,,,,,,,1,,,,,,0,0,0,0
MZ412476,,,,,,,1,,,1,1,,1,0,1,0
MZ412513,,,,,,,1,4,1,2,1,2,1,2,1,2
MZ427087,7,5,5,7,6,5,4,7,6,10,12,7,6,5,6,5
MZ520884,4,3,2,6,3,7,4,7,4,5,6,10,6,5,4,4
MZ521751,,,,,,,2,1,,2,1,1,0,0,0,1
MZ702082,10,3,3,4,5,5,5,4,4,7,7,12,12,9,12,4
MZ702150,,2,2,,1,2,,1,3,3,1,3,2,2,2,1
MZ702167,3,3,5,5,8,7,7,3,4,4,6,3,3,3,4,2
MZ702259,3,2,4,2,3,3,2,1,,2,3,3,1,2,4,4
MZ702266,11,8,11,11,7,15,8,6,6,9,7,8,8,8,12,5
MZ702273,,2,1,3,4,3,3,5,2,3,2,3,4,3,3,2
MZ702358,2,2,,3,1,2,1,2,1,3,2,2,1,2,2,0
MZ702365,,,1,,,1,,,,,,1,0,0,2,0
MZ702372,,,,,,1,,,1,,1,,0,1,1,1
MZ702389,,,,,,,1,,,1,1,,0,1,1,0
MZ702396,,,,,,1,,,,,1,,0,0,1,0
MZ702440,,,,,,,,,,1,,,0,0,0,0
MZ702457,,1,,,1,1,,,1,1,,,1,0,0,1
MZ702488,,,,,,,,,,,,1,0,0,0,0
MZ702525,,,,,1,,,,,,,,0,0,0,0
MZ702532,,,,,1,,,,,,,,0,0,0,0
MZ702549,1,,,,,,,,,,,,0,0,0,0
MZ702617,,1,,,,,,1,,,,,0,0,0,0
MZ702624,,,,1,,,,1,,,,,0,0,0,0
MZ702631,,,,,,,1,,,1,,,0,0,1,0
MZ702648,,,,1,,,,,,,1,,0,0,0,0
MZ702655,,,1,,,,,,,,,,0,0,0,0
MZ702679,4,3,4,3,3,3,,,,3,7,4,4,2,4,2
MZ702686,3,2,1,1,1,1,1,,1,1,1,1,1,1,1,2
MZ702693,1,1,1,2,1,2,2,2,1,1,3,3,2,2,2,1
MZ702709,4,4,3,4,2,7,,,,1,10,4,5,3,3,2
MZ702747,2,1,1,2,3,2,1,2,1,1,2,2,2,2,2,1
MZ702822,,2,1,9,5,10,6,10,2,4,,1,0,0,2,6
MZ702839,,1,3,7,6,5,4,4,2,1,,1,0,0,2,3
MZ702884,5,5,6,6,3,9,7,,1,,9,9,4,7,5,4
MZ747119,1,,,,,,,,,,,,0,0,0,0
MZ747164,,,1,4,5,5,1,2,,,,,0,0,0,0
MZ747171,,1,1,7,5,6,5,3,1,1,,,0,1,0,1
MZ747188,,,,2,1,1,1,,,,1,,0,0,0,1
MZ747225,1,,1,,,,,1,,,,,1,0,1,0
MZ747232,1,1,1,,,1,,1,,1,1,1,0,1,1,0
MZ747263,,,,,,1,,,,,,,0,0,0,0
MZ747560,4,1,,2,3,3,3,2,3,3,2,3,1,2,2,3
MZ747591,,,,,,,,,,6,9,5,2,4,3,2
MZ747621,,,,1,,1,,1,,,1,,0,1,2,1
MZ747638,,1,,,1,1,,1,,1,1,,1,1,2,1
MZ747645,1,2,1,1,1,2,1,1,1,2,2,3,1,2,3,2
MZ747652,,,1,,,1,1,,,1,,1,1,0,1,1
MZ747683,,,,,,,,,,,1,,0,0,0,0
MZ747690,3,1,,,,,,,,,,,0,0,0,0
MZ890021,7,4,3,5,5,6,3,4,3,7,10,7,12,9,2,9
MZ890038,8,3,4,7,4,7,4,4,3,5,11,6,12,9,9,6
MZ890045,,,,,,8,2,2,3,3,6,3,7,6,5,5
MZ990536,4,2,2,4,1,3,2,1,1,2,4,1,3,3,1,1
MZM03224,,,1,,1,1,,1,1,,1,1,0,0,1,1
MZM17503,1,,1,,,,1,,,,1,,1,0,0,0
MZM17589,3,,3,4,2,4,3,3,3,5,4,3,1,3,4,4
MZM17596,,,,1,1,1,1,1,1,1,,2,0,1,0,1
MZM17602,4,3,3,2,2,1,1,1,1,2,3,4,4,3,2,3
MZM17626,2,2,2,2,3,3,4,4,2,4,2,3,1,1,3,2
MZM17633,1,2,1,2,,3,2,,1,3,3,2,2,1,2,1
MZM17640,3,4,5,2,,6,5,3,3,4,3,6,3,5,3,2
MZM17657,1,,1,,1,2,1,1,1,,2,1,1,1,1,1
MZM17671,1,2,,,1,,1,2,1,1,,2,2,1,2,1
MZM17732,7,1,3,5,4,6,3,4,4,4,6,5,2,5,5,3
MZM17886,3,4,3,5,7,10,5,4,4,3,7,5,3,4,5,5
MZM17893,,1,,,,1,,1,,1,,,1,0,1,0
MZM17909,2,2,1,1,1,1,1,1,,1,5,4,2,4,2,2
MZM17916,2,2,3,2,2,1,2,3,1,2,1,3,2,2,1,1
MZM17923,,,,,,,1,,1,,,1,0,0,1,0
MZM17930,9,6,4,5,2,5,2,2,2,4,8,10,11,7,7,5
MZM17947,1,1,1,,,,1,,1,1,,1,0,1,1,1
MZM17954,4,2,1,5,7,7,5,6,4,6,1,1,1,0,1,3
MZM17961,5,4,3,4,3,4,2,3,2,3,3,2,1,2,4,1
MZM17978,1,1,2,,2,3,2,1,1,1,1,1,1,1,3,0
MZM17985,7,2,1,5,2,2,1,2,3,2,9,5,4,2,3,1
MZM17992,5,3,4,4,3,5,2,4,2,4,5,4,4,3,4,3
MZM27032,3,3,5,5,3,5,3,5,4,5,4,5,2,5,5,3
MZM27056,2,2,4,2,2,3,2,1,3,3,3,3,2,3,4,1
MZM27100,1,1,,1,1,2,2,1,1,2,1,2,2,1,2,0
MZM27247,1,1,,,,,,,,,,,0,0,0,0
MZM47003,1,,2,2,,,,,,,,,0,0,0,0
MZM47010,,1,3,10,14,16,12,7,3,1,2,,0,1,1,6
MZM47492,,,1,5,5,12,5,8,,1,1,,1,0,2,4
MZM47607,1,,,,1,,,1,1,1,,1,0,0,0,0
MZM47614,1,,,1,,,1,,1,1,,,0,1,0,0
MZM47676,2,3,1,2,1,2,1,2,2,2,2,2,1,1,1,1
NCH00274,3,3,5,9,13,11,11,5,2,4,4,4,6,3,6,5
NCH00497,14,5,,,,,,,,,,,0,0,0,0
NCH00515,1,1,1,1,,3,4,2,,,,1,2,0,0,0
NCH00522,3,1,1,2,3,4,2,3,,5,,,0,0,0,2
NCH00553,2,1,2,3,3,5,5,4,4,3,6,4,5,4,3,0
NCH00732,,8,11,18,16,13,9,8,,12,5,1,0,9,9,7
NCH00959,10,5,8,12,8,9,7,8,6,12,11,10,8,6,8,5
NCH00966,9,7,4,5,2,6,5,4,2,6,4,3,6,2,2,3
NCH01103,4,4,4,,,,,,,,,,0,0,0,0
NCH01189,3,3,5,6,6,6,4,5,2,7,6,6,9,4,4,1
NCH02377,,,,,,,,,,9,,,0,13,14,8
NCH02742,10,8,9,1,7,14,8,,,,,,0,0,0,0
NCH02933,7,8,8,5,7,7,6,10,4,7,9,10,8,7,7,5
NCH03036,12,6,11,13,12,11,12,14,5,11,13,14,11,7,5,4
NCH03043,2,1,,1,4,2,1,3,1,3,2,2,1,1,1,1
NCH03067,5,2,2,4,5,4,4,6,3,6,5,6,8,4,2,1
NCH12437,5,3,4,6,4,5,4,5,3,8,5,4,4,5,4,4
NCH16848,,,1,,1,1,,,,,,,0,0,0,0
NCH20124,9,5,9,10,8,8,11,11,8,11,6,9,8,7,5,3
NCH20131,8,3,3,,,,,,,,,,0,0,0,0
NCH36838,4,7,3,5,1,1,5,5,3,,5,2,2,4,4,0
NCH36845,6,6,1,3,,,,6,1,1,5,1,4,3,0,0
NCH36852,5,5,1,2,,1,7,8,1,7,5,2,2,3,5,0
NCH40022,5,1,3,3,4,4,3,2,5,5,6,5,10,4,3,2
NCH40251,4,2,2,,,,,,,,,,0,0,0,0
NCH40268,3,3,2,4,4,2,4,2,2,4,2,4,1,2,3,2
NCH40299,6,5,6,11,15,4,5,4,3,5,8,9,8,6,4,3
NCH40411,5,,,,,5,3,5,3,3,6,7,10,4,5,0
NCH40541,7,8,7,8,11,9,8,10,6,11,10,4,12,6,7,8
NCH40725,9,8,9,9,10,11,7,11,14,10,9,18,10,4,7,5
NCH40763,,1,,1,2,1,,,2,1,,,0,0,2,0
NCH40770,8,8,6,6,6,9,6,7,5,7,6,9,6,6,1,0
NCH40794,14,9,11,10,13,13,9,11,7,11,12,9,11,10,11,10
NCH40800,14,2,4,5,5,7,7,4,1,2,1,5,4,2,4,2
NCH47346,12,11,14,12,14,11,13,11,9,13,12,9,8,7,5,5
NCH47438,8,8,10,3,8,5,7,8,6,9,10,9,6,6,9,6
NCH47469,8,6,12,9,8,8,12,11,3,7,1,6,3,3,4,3
NCH47582,6,4,3,4,3,6,4,4,4,6,5,5,3,3,5,4
NCH59283,5,3,5,12,14,13,14,11,6,9,6,5,1,2,4,7
NCH59306,13,8,15,16,16,9,12,7,8,9,18,15,16,6,6,8
NCH59313,7,3,12,10,15,10,9,11,8,21,16,10,7,0,0,9
NCH59320,17,8,13,16,14,13,5,12,11,13,15,12,15,10,7,4
NCH59337,7,3,7,10,12,8,10,5,,,,,0,0,0,0
NCH59344,,,,,1,2,3,2,,3,1,2,1,1,2,1
NCH59351,7,6,1,9,10,,8,4,3,9,8,4,9,6,5,5
NCH59368,,,,4,1,2,2,2,1,1,1,1,1,2,1,1
NCH59375,8,4,,,,,,2,3,5,6,4,4,4,4,5
NCH60031,3,5,3,2,4,1,1,2,2,3,1,2,3,2,3,3
NCH60147,,,,,,,,,3,8,15,15,10,9,8,4
NCH60154,,,,,,,,,,,8,2,3,1,1,1
NCH60284,,,,,,,,,,,,1,8,3,1,0
NCH63109,10,3,7,11,11,11,13,5,8,13,11,7,3,0,0,5
NCH63161,3,1,2,1,2,3,2,2,1,2,1,1,0,0,0,0
NCH63178,5,1,4,,,,,,,,,,0,0,0,0
NCH63185,4,1,3,,,,,,,,,,0,0,0,0
NCH63246,5,3,7,6,8,7,6,8,2,6,,6,2,2,0,2
NCH63376,3,,,,3,2,6,3,4,4,5,3,4,4,3,2
NCH63437,1,,2,4,5,3,4,2,2,4,,3,1,0,2,1
NCH63543,2,1,4,8,12,15,10,8,5,5,4,3,1,0,1,5
NCH63567,,,,8,11,9,9,8,6,11,8,9,10,10,7,5
NCH63598,12,8,12,10,10,10,10,9,6,9,9,14,7,9,9,10
NCH63635,8,6,7,12,19,8,7,6,5,8,7,9,3,4,6,4
NCH63765,9,10,10,11,14,14,11,12,7,9,12,11,9,10,10,7
NCH63772,16,8,11,9,9,8,10,9,8,11,11,8,7,11,7,8
NCH63819,15,5,7,6,8,7,6,6,5,8,8,2,8,6,3,0
NCH63901,8,5,8,5,7,6,5,6,5,8,8,9,6,3,7,4
NCH66762,1,,,7,2,1,,2,3,,,,0,0,0,0
NCH74048,13,,,,,,,6,8,13,9,2,6,12,12,6
NCH92806,,,1,,,,,,,2,1,2,1,2,0,0
NCH92813,8,7,12,9,2,15,7,7,6,3,6,6,6,5,6,0
NCH92820,,8,9,6,3,10,7,8,10,7,8,8,9,9,5,0
NCH92837,8,,,,2,9,7,9,6,,5,5,8,6,2,0
NCH92844,,11,8,,1,4,2,2,4,,6,3,2,2,1,0
NCH98904,3,2,1,4,3,5,4,4,1,5,2,2,1,2,2,4
NE000002,8,7,7,7,9,8,8,7,7,8,7,8,8,6,8,7
NU000003,7,6,10,11,7,10,11,4,6,4,5,4,4,2,4,3
NU000004,2,,2,10,10,8,10,12,6,5,4,6,6,3,4,8
NU000005,1,2,2,1,2,4,5,2,2,5,2,4,4,1,3,3
NU714105,7,11,2,1,4,,3,1,1,1,4,2,3,1,4,2
NU714168,,2,1,1,2,1,,,,2,3,,0,0,1,1
NU714273,10,5,6,9,12,3,15,13,8,7,7,6,5,7,8,5
NU717984,12,4,2,2,,,,4,2,3,5,3,4,3,3,3
NU717985,,8,5,8,6,7,11,9,3,3,5,5,5,6,4,5
NU718073,4,7,8,6,8,6,10,12,11,14,8,9,9,5,0,6
NU802482,3,7,7,5,9,4,2,6,1,3,7,5,1,6,6,5
NU802499,,,3,,3,3,3,1,4,2,4,1,0,3,5,0
NU802505,3,5,3,6,6,8,8,8,4,7,10,6,8,7,5,6
NU802512,,4,3,3,5,6,6,9,5,7,8,8,4,3,1,2
NU802529,,,,,,,,,1,2,6,2,2,3,1,4
NU802536,,2,2,7,2,4,,,,4,4,3,2,2,0,0
NV000002,9,8,12,9,9,11,7,11,6,11,7,12,11,10,9,9
NV000014,6,7,9,11,8,10,9,8,6,10,14,11,13,11,6,3
PE124686,1,1,,2,1,,1,2,,3,3,2,0,4,0,0
PE363178,,,,,,,3,3,1,3,2,4,3,2,3,2
PE363185,,,,,,,,1,,,1,,1,1,1,0
PE401571,13,12,15,15,12,11,9,6,9,10,11,9,10,11,11,1
PE480339,,1,,,1,1,1,1,,,,1,0,0,1,0
PE500615,3,1,3,2,1,,1,2,2,2,3,1,0,0,1,0
PE501018,,,,,,,1,,,1,1,,1,0,0,0
PE501995,1,1,1,1,1,1,1,2,1,2,3,5,0,0,0,0
PE561149,,,,,,,,6,3,,,,0,0,0,0
PE689180,,1,1,1,1,1,1,1,1,2,3,3,0,0,0,0
PE714871,,,,,,1,1,,,1,2,1,0,0,0,0
PE785221,8,7,2,,1,5,2,2,1,2,2,,0,0,0,0
PE850432,3,1,2,1,2,2,2,5,4,3,3,1,2,2,1,1
PE854392,,,,,,,,,,2,,2,1,2,0,0
PE854408,,,,,,,,,,2,1,2,2,4,0,0
PE854675,,,,,1,,,,,,1,,1,2,0,0
PE930300,2,1,1,1,1,2,,,,3,3,3,3,3,0,0
PE982389,,,,3,1,1,,1,,,,,0,0,2,1
PH000001,2,1,1,,4,2,1,2,2,1,2,2,4,1,4,2
PH000012,,,,,2,,1,,1,1,1,1,1,0,1,0
PH000013,1,1,1,2,1,,1,1,1,1,1,1,0,0,2,1
PH000014,1,,1,1,1,2,1,1,1,1,1,2,2,1,4,2
PH000016,,,2,,3,,1,,1,1,1,,2,2,1,1
PH000030,1,1,,1,2,1,1,2,1,,2,2,2,0,3,0
PH000031,,1,,3,2,2,1,4,,2,2,2,2,1,3,1
PH000033,,4,2,3,1,4,1,1,2,2,2,2,3,2,1,3
PH000040,,1,2,2,4,4,1,2,2,2,2,2,3,2,2,1
PH000041,3,1,3,2,3,2,2,3,1,2,4,2,3,4,3,3
PH000045,3,5,3,4,5,5,8,9,7,9,7,9,4,6,5,8
PH000065,,1,,1,,,,1,,1,,1,0,0,0,1
PH000080,,,,,1,,1,,,,1,,1,0,0,0
PHA0017,,1,,1,,,1,,,,,1,0,1,0,0
PHA0122C,2,,1,1,,1,,1,,1,,3,1,0,1,0
PHA0122S,,,,,,,,,2,,,,1,0,0,2
PHA0129,,,,,,,1,,,,,,0,0,0,0
PHAD002G,1,,,,,,,,,,,,0,0,0,0
PHAW002G,,1,,,2,,,1,,1,,1,6,1,0,0
PHAW003,2,2,,2,,1,2,3,1,2,1,,0,0,0,0
PHAW006,,,,,,,,1,,,2,,0,0,2,1
PL000016,1,1,1,1,1,2,2,3,1,2,2,2,4,4,1,3
PL000017,,1,1,1,,,,,,1,,,0,0,0,0
PL676016,1,1,2,1,1,1,1,2,3,3,1,2,3,2,1,0
PL676030,2,3,,2,1,2,3,1,,,,,4,3,0,4
PL676047,,,,,,,,2,1,1,2,2,4,2,6,3
PL676214,3,1,1,1,1,,2,4,2,2,5,2,2,2,3,2
PL676269,3,,5,4,3,4,4,3,3,4,3,2,4,4,3,6
PL676566,1,,,1,,,1,2,1,,2,,1,0,0,0
PL676632,2,2,2,2,1,1,2,1,1,1,3,1,3,1,4,2
PL676665,4,2,5,2,4,3,5,3,3,6,4,3,8,4,7,5
PL676719,2,1,,1,1,,1,,1,,1,,0,0,1,0
PL676962,7,7,10,9,10,10,11,6,8,8,4,4,7,3,6,2
PL676986,11,7,11,12,14,10,6,9,9,6,12,9,24,15,11,5
PRG00001,2,2,3,4,6,3,2,11,4,7,5,5,3,5,0,5
PS000724,3,2,3,3,3,4,2,2,3,2,3,4,3,2,4,2
PS004029,,,,,1,,,,,,,,0,0,0,0
PS013497,3,5,5,5,5,7,8,8,5,8,6,6,5,4,5,5
PS380108,1,,1,2,1,3,,1,1,1,1,,1,1,2,2
PS380139,,,,,,,,3,2,,,,0,0,0,0
PS380252,6,8,7,4,6,6,4,8,5,7,5,5,4,6,6,4
PS380269,5,3,6,5,5,2,6,4,4,4,5,4,6,3,6,4
R5C4482,,,,1,,,,,,1,,,0,0,0,0
R5C4483,1,,1,,1,,,,1,,,,0,0,0,0
R628024,2,,2,1,,,,,,,,,1,0,0,0
R63104,,,,,,,1,,,,,,0,0,0,0
R6605505,,,,,1,,,,,,1,,0,0,0,0
R66314,,,,,,,,,,1,,,0,0,0,0
R8003202,1,1,,,2,4,2,2,1,2,,1,3,4,2,3
R8003203,1,3,1,3,1,2,2,3,1,4,1,1,2,2,2,4
R8007703,,,,,,,,4,,,1,,0,0,0,0
R81901,,,,,,,,,,,1,,0,1,1,0
R81911,,,,,,1,,,,,,,0,0,1,1
R81912,1,,,,,,,,,,1,,0,0,0,0
R8448350,,,,,1,,,,,1,1,,0,0,1,0
RAK00001,4,5,10,8,7,12,9,10,9,8,10,4,7,10,11,12
RAK00002,1,4,7,6,9,10,9,7,5,11,2,10,5,6,3,5
RAK00012,,,,,5,3,6,11,2,7,8,8,2,2,3,3
RAK00013,,,,,5,4,4,6,4,6,,7,6,3,2,4
RB000712,,3,3,7,11,,9,7,2,4,2,1,3,0,13,10
RB000729,5,3,1,1,,1,2,3,2,,2,3,1,1,2,3
RB001342,,4,6,9,11,8,14,10,5,7,10,13,16,9,7,6
RB001359,,,,1,7,3,9,9,2,6,7,3,7,7,3,5
RB001597,,,,,,,,,,,6,16,15,13,5,2
RB001603,,,,,,,1,10,9,16,17,9,18,11,11,9
RB001830,3,2,,,,,,,,,,,0,0,0,0
RB001832,2,,1,1,1,2,3,4,3,3,3,2,4,2,4,5
RB002433,1,1,,1,,,,2,,,2,,0,7,10,7
RB002440,,,,,5,5,1,1,2,2,2,1,2,2,3,2
RB003737,3,3,2,,,1,,2,,1,1,1,1,6,10,6
RB004284,,,,,3,2,1,3,,2,4,3,2,2,3,3
RB021104,,,2,1,1,1,,,,1,1,,0,0,0,1
RB021197,,2,1,6,5,7,5,3,3,7,4,3,2,1,4,2
RB022415,3,3,3,6,4,3,2,3,,,,,2,1,0,0
RB025390,7,3,2,6,,,2,4,4,3,,1,2,2,3,0
RB027259,,1,2,6,4,6,6,5,2,2,4,2,3,3,3,3
RB027394,3,3,4,7,2,2,5,4,1,6,5,4,5,6,4,0
RB027417,4,3,2,2,1,3,2,2,2,1,6,,0,0,0,0
RB033098,3,6,2,7,6,7,8,8,5,5,5,4,2,3,4,4
RB033104,5,7,7,8,8,8,9,6,8,8,4,8,7,5,7,5
RB035445,,5,3,4,8,14,5,7,6,5,6,5,4,2,0,3
RB036565,2,4,4,5,5,4,3,4,3,3,5,4,6,4,7,5
RB038002,2,2,2,2,2,5,2,2,2,7,7,3,4,3,3,2
RB038033,,,,,,,,3,,2,6,,1,1,1,0
RB038064,2,2,2,,,,,,,4,4,3,3,1,2,2
RB038095,3,2,,2,,1,2,1,2,1,5,1,0,1,0,0
RB038125,4,3,4,1,,,,,,2,4,,1,4,2,3
RB040869,2,,1,1,1,2,,1,1,2,5,,0,0,0,0
RB043976,,8,4,6,7,6,4,5,4,6,1,2,0,0,0,0
RB069702,,,10,12,8,8,5,5,5,5,4,3,5,3,7,5
RB069719,,,14,12,16,6,3,2,3,5,4,1,3,3,2,2
RB070615,6,6,8,13,6,4,5,3,,,7,8,5,3,2,0
RB087441,,,,,,,,,,,2,,0,0,1,0
RB087472,,,,,,2,,,1,,,1,0,0,0,0
RB095200,,,,,,,1,,,,,,0,0,0,0
RB095231,,,,,,,,2,1,,,1,0,0,0,0
RB100035,1,1,2,3,5,2,5,4,1,1,3,1,2,2,1,3
RB100158,1,,,,5,1,2,,,1,1,2,1,2,1,2
RB100189,2,1,5,2,2,2,2,4,1,1,3,1,2,3,2,4
RB100240,,,1,,,1,1,,,1,1,,0,1,0,2
RB100271,,,,,2,,1,2,,,,1,2,0,0,1
RB100633,2,1,2,4,4,1,1,7,3,3,2,2,1,2,0,2
RB100640,3,2,7,5,6,3,2,10,4,5,4,4,4,2,2,2
RB100657,2,2,2,3,6,1,4,5,3,8,5,4,4,2,3,2
RB100664,1,1,1,5,4,,1,3,2,2,2,1,0,2,0,1
RB101728,2,2,1,2,1,,,2,,3,4,1,0,3,2,2
RB101780,1,1,,,,,,,,,,,0,0,0,0
RB101841,,1,,,,,1,1,,,1,2,0,0,2,1
RB101889,,,1,,1,,,1,,2,,,1,2,1,0
RB101919,,1,,,,,,,,,,,0,2,4,0
RB102022,,1,,,1,,,,,,1,1,0,0,0,0
RB104804,6,4,6,5,4,4,7,7,,,,3,4,3,5,2
RB105942,2,1,2,3,7,5,7,4,4,6,7,10,14,7,3,3
RB110712,1,3,4,2,4,3,5,6,4,3,3,4,3,2,3,1
RB116516,,,,,,,1,,,,,,0,0,0,0
RB123350,,2,,1,1,2,1,1,1,1,,2,0,2,0,0
RB179567,6,4,4,7,10,13,9,3,2,6,4,5,4,2,2,3
RB179598,7,5,4,10,11,13,11,7,,9,9,9,4,4,5,8
RB198032,3,3,4,2,2,5,4,4,3,6,3,3,10,4,5,3
RB200002,,,,,,,6,1,,2,2,2,5,0,9,3
RB200392,1,,,,,,,,,,,1,0,0,2,0
RB200408,,2,,,,,,,,,1,2,0,1,0,0
RB200828,,1,,,,2,8,8,4,1,3,2,2,2,1,1
RB200842,,,,,,,5,3,6,1,,1,1,0,1,0
RB200873,,1,,,,,,,,1,,,0,0,1,0
RB200880,,1,,1,3,,,,,2,1,,1,1,4,3
RB200941,5,1,3,4,6,3,7,7,4,6,11,10,14,7,6,6
RB201345,3,4,6,7,5,8,7,8,6,5,6,6,11,5,5,4
RB201369,7,3,5,6,8,6,12,5,,,,,0,0,0,0
RB201733,,,,,,,,,,2,,,0,0,0,0
RB201740,,,,,,,,,,,1,,0,0,0,1
RB201802,,,,,,,4,8,3,1,,,0,0,0,0
RB201833,3,3,3,4,3,,6,5,6,4,6,5,5,7,11,6
RB201949,,,,,,,1,2,,,2,,0,0,0,0
RB201956,2,6,4,6,6,1,,3,11,7,6,3,7,6,8,3
RB207949,2,3,4,3,3,6,3,6,6,7,5,5,5,3,5,2
RB224021,9,8,12,11,10,14,10,4,4,2,,,3,2,4,2
RB225257,3,,,,,1,9,7,3,3,,,0,0,0,0
RB233399,1,,,,1,,1,,1,,,,1,0,0,0
RB302266,1,,,,,1,,,,1,1,,0,1,1,1
RB36846,1,,,1,,,,1,,,,,0,0,2,1
RB36868,1,,1,,,,1,,,,,,1,0,0,1
RB400545,5,9,7,10,9,11,8,5,4,8,7,5,6,5,2,4
RB425890,,12,11,13,11,10,1,3,2,8,3,1,2,3,1,1
RB425906,4,4,2,5,2,1,2,4,,,1,1,0,0,1,3
RB460148,8,6,1,9,10,8,10,11,5,10,8,8,8,8,3,8
RB511340,6,2,1,5,3,3,1,4,1,3,3,1,2,0,0,2
RB544846,1,2,2,5,4,3,2,2,5,2,2,2,2,3,1,0
RB565162,3,2,1,5,3,3,4,4,2,4,3,3,4,3,3,2
RB566602,1,4,1,1,,1,,,1,1,2,3,3,3,2,0
RB567258,,1,1,,,1,1,1,1,1,3,2,2,2,1,1
RB567265,,,1,1,1,,,,1,1,1,,1,1,8,3
RB567623,,,5,,10,14,12,5,,1,3,2,4,2,3,2
RB567647,7,8,9,3,4,7,6,,,5,8,6,5,4,5,3
RB567654,5,,,,,,,,,,,,0,0,0,0
RB567685,,,4,8,8,11,9,7,7,3,,5,9,8,7,4
RB572870,,,,,,,,1,1,,,,1,0,0,0
RB574386,1,3,2,2,1,1,3,1,1,3,,,4,1,2,1
RB574416,2,5,2,3,2,,2,1,2,1,,,0,2,2,1
RB576885,2,2,2,3,4,4,2,2,2,3,5,1,3,4,4,3
RB576908,1,3,1,2,1,3,1,2,1,4,2,2,3,3,6,3
RB576922,,3,1,4,2,5,1,1,1,3,3,1,3,3,4,2
RB576939,,,,,,,,,6,2,1,,0,0,0,1
RB578780,3,2,2,1,1,,2,1,1,3,3,2,1,2,1,1
RB588710,5,4,4,6,8,5,,,,7,7,4,4,1,3,2
RB797419,,,,,,,,,4,5,,,1,0,0,1
RB850160,9,5,10,13,17,12,16,14,10,12,17,19,23,10,9,11
RB852058,1,1,2,3,4,2,6,5,3,6,6,4,13,4,0,6
RB852973,,5,5,6,9,5,11,7,2,4,3,3,4,3,1,1
RB861386,4,1,7,4,6,4,4,7,,5,5,,1,0,0,0
RB863281,7,6,8,8,9,8,8,10,10,10,8,12,9,14,9,7
RB864172,4,3,6,7,9,8,9,12,7,12,17,13,16,9,7,7
RB864189,6,7,6,8,8,7,12,5,3,5,4,3,8,3,2,4
RB864547,4,3,7,7,14,12,11,7,6,8,9,12,10,4,8,7
RB864554,2,2,5,7,12,14,15,8,7,8,7,13,11,5,4,7
RB866566,4,6,5,5,7,8,7,6,4,9,7,8,6,9,9,5
RB866961,2,4,7,6,7,6,13,5,2,4,4,3,6,0,0,5
RB868156,,,1,6,11,12,13,6,2,4,7,4,9,3,8,4
RB868392,2,4,5,9,5,4,3,,,,,,0,0,0,0
RB868422,11,13,12,15,14,11,16,14,10,17,13,15,18,8,4,0
RB868439,7,8,9,8,9,11,15,12,8,12,10,10,12,8,7,7
RB868446,,1,2,5,5,3,3,4,7,2,6,5,7,5,5,4
RB868507,,,1,,15,7,4,8,6,10,9,11,11,10,9,7
RB868521,,,,,,,,4,3,6,9,7,5,3,6,4
RB868798,6,2,9,9,7,6,6,3,4,7,8,6,10,7,3,1
RB869474,3,3,5,6,8,6,6,8,5,7,8,5,8,5,6,6
RB957387,12,10,11,,,12,7,2,5,4,1,,3,5,3,1
RB957394,6,,7,13,4,8,4,6,2,7,5,3,8,8,7,5
RB964211,5,5,3,7,5,5,7,5,5,6,6,8,4,6,8,5
RB964228,4,6,5,8,6,9,6,7,6,7,7,7,9,5,8,5
RB987759,4,3,5,7,7,3,,,,10,4,1,4,3,1,1
RDL25112,,1,,,,,,,,,,,0,0,0,0
RN000001,7,4,8,8,11,14,14,9,6,11,9,15,9,4,3,4
RN000002,10,8,14,18,17,16,17,9,3,15,15,13,14,10,12,7
ROE66853,,,,,,1,,,1,,,,0,0,0,1
RU855400,,,,,,,,,,,1,,0,0,0,0
RU919400,,,1,,,,,,,,,,0,0,1,1
RU919500,,,,,,,1,,,,,,0,0,0,1
RU919600,,,1,,,,,,,,,,0,0,0,0
SFR00001,4,4,3,4,3,4,5,3,3,3,6,4,5,0,2,1
SFR00004,1,1,2,1,1,,3,1,1,3,1,1,1,1,2,0
SFR00005,3,,,1,,,,1,,1,2,,1,1,1,1
SI0024,10,8,12,12,12,11,11,11,11,6,7,4,0,0,0,0
SI0025,1,,2,1,2,,1,1,1,2,1,1,0,0,0,0
SI0026A,2,4,3,5,4,4,3,3,4,4,3,5,0,0,0,0
SI0028A,2,4,5,4,4,4,4,3,5,3,5,3,0,0,0,0
SI0034A,1,3,2,3,3,3,2,3,2,2,4,2,0,0,0,0
SI0038,2,2,2,2,2,2,2,2,1,2,2,2,0,0,0,0
SLE2508A,,,,,,,,,1,,,,0,0,0,0
SLE6216,,,,1,,,,,,,,,0,0,0,0
SLEN5301,,,,,1,3,,1,1,1,1,1,1,1,0,1
SPC4129,2,,1,,,1,,,,1,1,,0,0,0,0
SPC4527,1,,,,3,,,,,2,1,1,0,0,0,0
SQ336008,,,2,,1,2,1,2,5,4,2,,0,0,0,0
SQ336015,,,,1,2,3,1,1,2,2,1,1,1,1,3,1
SQ336060,,,,,,,,,,,,1,1,0,1,0
SRAN0001,,,,,,,,,,1,,,0,0,0,0
T3M1003,1,,,,,,,,1,,,1,0,1,0,0
T3M1030,,,,,2,,,,,1,,1,0,0,1,0
T3M1077,,,1,,1,,1,,1,,1,,1,0,0,0
T3M1250,,,,,2,,,1,,,,,0,1,0,1
T3M1262,,1,,,,,,,2,,,,0,1,1,1
T3M1294,1,1,1,,1,,,2,1,1,1,,1,1,1,0
T3M15380,1,,,1,,,,1,,1,1,,1,0,1,0
T3M1610,1,,,,1,,1,1,1,1,1,,3,1,1,1
T3M1622W,1,,,,1,,,,,,,,2,1,0,0
T3M1623W,,,,1,1,2,1,2,3,2,1,1,3,1,0,0
T3M1624W,1,,2,1,1,,2,,,,,,1,0,1,0
T3M1626W,1,2,,1,2,2,3,3,2,,1,2,0,0,1,0
T3M1628,1,,1,1,,2,1,2,1,,,2,0,2,1,0
T3M1629,,,,,1,,,,,,,,1,0,0,0
T3M1633,,1,1,,,,,,,,,,0,0,0,1
T3M1635,,1,,,1,,,,1,1,2,,0,0,0,0
T3M1655,1,1,2,,1,2,,2,,1,2,,2,1,2,1
T3M1657R,6,6,5,3,5,7,3,6,4,4,4,5,5,7,5,5
T3M1658R,1,4,3,2,2,1,4,1,3,2,3,1,1,2,3,0
T3M1659R,,1,1,,,1,,,1,,,,0,0,1,1
T3M1660R,,1,,2,1,1,2,1,1,,,1,2,1,2,0
T3M1665R,,2,1,,,,1,,1,1,,,0,0,0,0
T3M1681,,,,,2,1,,,,1,,,0,0,0,0
T3M1682,,,,,2,1,,,,,,,0,0,1,0
T3M2248,,,,,,,,,,,1,,0,0,0,0
T3M3562E,,1,,1,5,,,1,,,1,,0,0,0,0
T3M3566E,1,,,1,,,,,,,,,1,0,0,0
T3M3582,,1,,,,,,,,,,,0,1,0,0
T3M9680,1,4,5,3,3,3,4,6,1,1,,,3,1,2,3
T3M9681,1,1,,1,,1,,,2,1,,,0,1,0,0
TA000001,3,3,2,3,3,2,2,3,2,3,4,4,3,2,2,1
TA000002,2,1,1,2,3,2,2,3,1,5,2,2,4,2,0,1
TA000003,1,1,1,,2,1,1,,2,,,1,2,0,0,0
TA000004,6,4,7,5,7,8,6,7,5,6,6,6,7,6,6,5
TAR01984,,,,,,1,,1,1,,1,,0,0,0,0
TAR02042,,,,,,,,,,,,1,2,1,0,0
TAR08048,3,1,2,3,3,1,3,3,3,2,2,2,3,2,3,2
TAR08055,3,4,2,3,3,2,2,1,1,4,2,1,2,2,1,2
TAR08215,6,5,4,5,6,5,5,3,4,6,5,5,6,6,0,0
TAR08222,6,6,8,9,8,7,7,7,7,11,8,7,6,5,7,5
TAR08239,5,3,3,4,5,2,4,3,3,4,4,3,3,4,3,2
TAR08253,8,6,7,10,16,10,14,8,5,7,7,5,4,2,2,4
TAR08321,,,1,,,1,,1,,1,1,,0,1,1,0
TAR08338,,,1,,,,1,,,,,1,0,0,0,0
TAR08345,,1,,,,,,1,,,1,1,0,0,0,0
TAR08437,1,,1,,1,,,1,,1,,,0,0,1,0
TAR08444,4,3,5,6,5,6,4,6,5,6,6,4,5,6,6,6
TAR08529,8,2,7,9,11,12,10,9,3,5,,,4,6,6,8
TAR08543,3,2,2,3,4,4,4,4,3,5,3,2,3,4,4,1
TAR08734,4,6,4,7,3,6,3,5,3,5,5,2,5,4,5,4
TAR08758,8,8,9,12,12,15,10,13,10,13,14,1,11,11,2,0
TAR08932,4,9,9,6,7,6,4,4,5,5,5,8,11,5,9,0
TAR08949,8,5,7,5,4,2,4,1,,8,4,5,7,3,0,0
TAR08987,2,3,2,2,2,2,3,4,2,2,3,2,3,0,0,0
TAR08994,1,1,,,,1,,,1,,,,0,0,0,0
TAR09052,7,4,9,10,9,2,11,9,7,12,9,9,14,12,8,9
TAR09076,6,,2,17,6,5,4,7,4,7,5,6,6,5,5,2
TAR09106,7,8,7,7,7,6,7,8,7,9,6,6,8,5,7,5
TAR09113,,1,3,2,2,1,3,1,,2,2,1,0,1,1,1
TAR09120,6,5,6,7,7,6,6,6,7,8,4,6,8,6,10,5
TAR09137,2,1,2,2,2,1,1,1,1,1,1,1,1,1,0,0
TAR09151,11,11,12,11,9,12,9,11,9,11,8,3,10,9,5,11
TAR09236,4,3,,4,3,1,6,4,,7,4,1,4,3,2,2
TAR10010,,,,1,,,1,1,,1,,,0,1,1,0
TAR10157,2,2,3,1,2,2,5,3,4,2,3,1,0,0,0,0
TAR10164,4,2,1,2,2,2,2,2,1,2,1,2,1,2,1,0
TAR10171,11,10,10,3,12,9,9,10,10,9,6,7,9,6,4,0
TAR10232,11,9,1,13,8,8,8,8,8,12,5,,3,5,3,4
TAR10256,6,4,7,8,6,6,3,3,3,5,2,4,3,3,3,2
TAR10287,4,5,7,7,6,7,6,6,5,7,4,5,5,4,7,4
TAR10379,1,1,1,1,1,2,1,1,1,2,,2,2,1,1,0
TAR10478,3,5,4,3,3,3,3,4,2,2,4,1,1,0,0,0
TAR10485,8,5,4,5,6,5,4,5,4,9,5,9,0,3,0,0
TAR10515,3,2,5,4,6,2,4,5,3,4,4,3,3,3,1,5
TAR10614,11,14,10,14,11,10,6,6,5,6,3,14,12,7,14,11
TAR10621,14,16,8,7,7,11,8,15,8,19,12,4,7,8,8,5
TAR10676,7,6,5,5,5,8,6,3,1,3,2,2,2,2,2,5
TAR10942,9,10,13,12,10,11,8,10,8,11,11,9,9,8,9,6
TAR11404,,,1,,,1,,,,,1,,0,0,0,0
TAR14271,16,9,13,13,14,7,8,9,6,11,9,8,9,8,8,8
TAR21885,7,4,5,5,6,7,7,23,8,14,12,18,4,0,9,10
TAR21939,6,6,5,7,6,4,6,9,13,3,16,12,8,9,3,14
TAR36576,9,7,7,13,7,11,8,9,6,9,4,4,4,3,3,3
TAR36651,11,11,10,13,8,6,9,11,9,12,4,8,5,6,4,4
TAR43945,,,,,,,,,,,1,,0,0,0,0
TAR45946,,,,,,,,2,,4,3,5,4,2,2,0
TAR46058,1,1,1,1,1,1,2,1,,2,,1,1,1,1,1
TAR55761,7,6,5,7,6,9,9,9,5,8,3,3,1,0,0,0
TAR56416,1,,1,1,1,2,1,1,,3,1,2,0,2,1,0
TAR56669,2,,3,1,2,2,,1,2,2,2,1,2,1,1,1
TAR64090,,,,,,,1,,,3,,,0,0,0,0
TAR64120,1,2,3,4,2,3,2,,,,,,0,0,0,0
TAR64137,,2,1,2,1,1,1,1,1,1,1,1,0,1,1,1
TAR64144,1,2,1,2,2,1,,2,1,1,2,2,1,1,2,1
TAR64229,,,,,,,,4,3,4,5,4,2,2,2,2
TAR64243,,,,,,,,,,,,1,3,6,5,4
TAR66191,12,10,12,19,11,12,13,16,5,7,16,3,11,7,9,9
TAR66313,3,5,3,6,3,5,9,3,5,5,1,5,2,3,3,3
TAR66337,,1,1,,2,,,1,,1,,1,1,0,1,0
TAR66368,4,3,5,6,3,5,3,5,4,3,2,3,2,3,4,2
TAR66375,7,9,4,10,3,4,7,10,6,4,5,7,5,4,7,3
TAR66382,1,,1,2,1,,1,,1,3,1,,0,2,3,1
TAR66429,1,1,1,1,,1,1,,2,,1,,1,0,1,0
TAR66498,2,4,4,5,3,3,2,2,,,6,3,1,0,7,2
TAR66542,2,5,5,3,3,3,3,6,4,2,,7,3,2,5,3
TAR66559,5,4,6,5,1,2,2,9,9,5,1,1,2,0,3,1
TAR66566,,1,,1,1,,,,,2,1,,1,0,0,0
TAR66573,8,5,8,7,2,4,7,7,9,9,2,4,5,4,3,4
TAR66603,5,4,4,4,4,5,4,8,4,6,4,2,1,2,1,1
TAR66672,2,1,3,2,2,3,2,3,1,3,1,1,2,0,0,0
TAR66689,1,1,1,1,,2,2,2,1,4,1,4,6,0,0,0
TAR66726,5,6,5,5,4,3,5,7,6,10,7,5,6,4,6,4
TAR66764,5,2,1,3,2,3,4,8,8,15,13,8,10,1,7,6
TAR66788,1,,2,,1,,,,1,,,1,1,0,1,3
TAR66825,1,3,1,3,4,2,3,5,2,4,3,2,2,1,3,2
TAR66832,,4,7,9,7,4,4,4,3,4,3,4,3,2,4,3
TAR66849,5,6,6,9,5,10,7,7,7,10,9,5,7,4,7,4
TAR66856,2,4,3,7,5,4,4,6,5,4,3,4,2,2,5,3
TAR66863,,1,2,2,1,1,2,4,2,3,1,3,2,1,1,1
TAR66870,1,1,1,3,1,2,1,1,2,3,2,2,2,1,2,1
TAR66887,1,4,2,2,1,3,3,2,4,3,1,2,4,3,1,1
TAR66894,,2,2,1,1,1,1,1,2,2,1,2,1,1,1,1
TAR66900,1,2,1,3,,1,2,,1,2,1,1,1,1,2,2
TAR66917,1,2,2,3,2,2,2,1,2,2,1,2,2,2,1,1
TAR66924,,,,,,1,1,1,1,1,2,5,0,1,1,2
TAR66931,,,,,,,,,3,,2,,0,0,1,0
TAR66948,1,,1,1,1,1,1,1,1,2,2,,0,1,2,2
TAR66962,4,6,4,4,5,2,5,7,3,4,4,4,2,1,4,3
TAR66986,1,,,1,,,1,2,,2,2,2,0,0,0,0
TAR73376,5,9,7,7,6,6,4,9,7,8,3,4,7,6,9,4
TP002003,1,,,2,,1,,,,,,,0,0,0,0
TP002034,3,5,6,4,2,4,1,1,1,3,2,1,0,4,3,2
TP002072,13,7,8,15,4,5,2,2,1,5,6,2,3,2,4,1
TP002140,1,1,1,1,1,2,,1,1,1,1,2,0,1,1,1
TP002188,5,4,8,7,3,8,5,2,3,7,7,3,2,4,3,4
TP002355,10,8,9,12,9,8,3,1,1,4,4,3,2,5,4,4
TP002379,,15,13,8,8,6,2,2,2,4,2,3,4,2,5,2
TP002546,,,,,1,,,,,,,,1,0,0,0
TP002553,,,,,,,1,,2,,1,,0,0,0,0
TP002577,3,5,4,4,3,3,2,2,,1,2,2,3,1,4,2
TP002812,,,1,2,2,1,1,2,1,2,2,1,1,1,2,2
TP002829,6,4,4,3,4,3,8,3,3,3,4,4,4,2,6,3
TP002904,3,1,3,1,4,3,3,2,2,3,2,2,1,0,1,6
TP012001,7,5,10,10,6,5,10,10,9,11,9,4,9,5,8,6
TP012018,6,9,5,1,4,4,3,5,2,3,6,1,3,2,5,2
TP012049,9,7,9,12,14,9,9,8,5,7,5,4,4,6,9,10
TP012070,10,8,7,15,5,6,8,5,5,4,5,5,6,5,5,5
TP012087,,1,1,,,,,,,,,,1,0,0,0
TP012094,,,1,1,,1,1,,1,,,1,1,1,2,2
TP012100,,,,,,,,,,,1,,1,1,2,2
TP012155,10,,,14,10,12,7,8,7,10,15,10,8,6,8,5
TP012193,3,3,4,3,8,6,6,4,2,3,1,,1,2,6,8
TP012261,3,5,6,4,2,3,5,6,2,2,4,4,4,3,5,2
TP012278,7,7,5,6,5,3,3,6,3,4,5,3,4,2,6,5
TP012445,3,3,2,3,3,3,4,2,,1,2,4,5,2,4,2
TP012469,3,2,2,3,3,1,5,1,1,3,2,2,3,3,2,3
TP012490,3,3,2,3,4,2,5,1,2,5,2,2,3,4,2,1
TP012506,1,1,2,3,4,,2,3,2,1,1,,2,1,2,1
TP012520,1,1,1,3,2,1,,1,1,2,,1,2,1,2,1
TP012537,2,,1,2,2,,,2,,2,,1,1,0,1,0
TP012568,2,2,1,4,4,1,2,1,1,1,1,1,2,2,1,1
TP012599,,,,1,7,4,3,1,,,,,0,0,0,2
TP012605,,,,4,4,12,6,3,,,,,0,0,3,4
TP012612,,,,4,4,20,10,2,,,,,1,0,1,3
TP012636,10,13,2,,,11,3,,5,7,14,4,0,0,11,4
TP012643,13,13,7,,,5,2,,,4,7,6,3,0,9,3
TP012780,1,2,1,2,4,4,3,1,4,3,2,1,3,3,4,4
TP012834,,,,,,,,,,,1,,0,0,0,0
TP012841,1,1,1,,1,,,,1,,1,,0,1,0,0
TP012865,2,1,,1,,,,,,,,,0,0,0,0
TP012889,1,,,,,,,,,,,,0,0,0,0
TP012896,1,,1,,1,,,,,,,,0,0,0,0
TP012902,,1,,,,,,,,,,,0,0,0,0
TP012926,14,12,5,4,,,,,,,,,0,0,0,0
TP012940,,,8,2,,,,,,,,,0,0,0,0
TP012964,,,7,2,,,,,,,,,0,0,0,0
TP012988,,,,5,7,12,6,,2,2,1,,0,1,1,7
TP108268,6,10,6,5,2,3,6,4,6,8,4,1,1,1,0,0
TP108299,6,7,5,7,3,3,4,5,5,4,5,2,4,4,7,3
TP108312,11,9,8,8,7,12,8,6,6,7,12,7,8,9,9,6
TP108619,10,13,11,7,11,10,9,9,8,17,9,10,9,13,13,11
TP108626,4,,,,11,7,5,6,3,5,11,5,5,7,6,5
TP108633,11,8,8,11,8,6,5,5,4,7,8,6,6,8,6,6
TP108640,12,12,12,10,15,8,6,8,9,9,11,7,8,7,11,6
TP123877,11,7,8,12,7,6,9,9,4,7,8,8,10,8,10,11
TP186814,3,2,5,3,3,2,4,3,2,2,3,3,3,2,4,2
TP204184,4,3,3,4,4,3,4,4,2,3,4,4,4,3,3,3
TP204320,4,3,7,4,6,4,4,4,2,2,5,2,4,3,4,3
TP204375,12,10,10,11,8,8,9,8,7,8,10,9,8,5,7,6
TP204382,10,13,7,7,10,1,7,11,10,10,9,8,8,6,7,7
TP204399,4,6,14,9,5,5,3,9,6,8,7,7,7,7,7,5
TP204641,7,8,12,13,8,,1,4,6,3,7,4,5,4,4,5
TP204832,6,5,3,4,3,3,3,3,1,4,5,4,5,4,3,3
TP204993,11,14,8,9,11,9,5,10,5,11,10,8,7,9,9,7
TP325006,2,2,4,3,2,4,2,1,1,2,2,2,3,1,3,2
TP340068,3,1,4,3,3,3,4,1,3,4,3,2,3,4,7,7
TP340105,,,,,,,5,7,,,,,0,0,0,0
TP340112,,5,8,10,15,15,9,8,6,5,6,8,6,4,6,6
TP342868,4,6,5,3,5,10,5,5,4,5,2,9,4,6,6,4
TP342882,3,4,6,5,3,4,6,5,3,5,5,5,6,6,6,4
TP342899,2,6,6,7,3,10,5,4,4,5,7,6,6,5,8,5
TP342929,4,3,5,1,5,3,6,5,2,4,5,3,5,4,4,5
TP342936,3,3,3,3,2,2,4,2,2,2,3,6,3,3,4,2
TP342943,8,9,10,8,5,11,10,9,7,7,7,10,10,6,10,7
TP343292,11,7,8,5,5,3,8,5,4,5,5,5,7,3,7,5
TP476618,10,11,8,5,,4,5,3,4,4,3,3,5,3,3,3
TP660005,,,,,,,,2,1,,1,4,2,3,2,3
TP660036,1,,2,1,1,2,2,4,1,1,3,4,1,1,2,0
TP660043,1,,2,2,3,2,3,2,,2,1,2,1,3,0,0
TP660074,,,,2,8,15,12,3,3,12,10,13,12,6,7,6
TP660098,,,,1,5,10,18,13,9,6,4,3,4,3,5,7
TP660104,,,,,,,3,9,2,8,9,14,11,9,11,3
TP660111,,,,,,9,3,1,1,2,2,4,5,5,1,1
TP660203,,,,,,,5,10,3,8,8,14,10,11,4,3
TP660210,,,,,,,2,3,3,3,5,11,6,6,7,7
TP660289,,,,,,2,2,2,2,1,2,5,2,0,1,0
TP660296,,,,,,,4,5,2,,1,6,3,0,2,0
TP720008,5,5,3,10,5,7,4,7,6,6,7,4,8,8,7,5
TP720015,13,6,8,15,13,8,10,11,5,10,17,6,10,9,6,7
TP720022,9,8,7,11,13,11,13,13,5,9,13,5,6,10,5,4
TP720039,10,8,9,7,8,12,8,10,6,13,10,11,8,10,9,9
TP720046,,,,,,3,,,,,,,0,2,10,11
TP720084,15,9,6,9,10,6,8,7,6,9,12,9,6,8,11,8
TP720107,1,,,13,5,10,10,7,3,10,9,6,5,6,9,5
TP720114,9,7,8,8,11,11,8,9,7,14,10,9,8,10,12,6
TP720121,8,14,8,14,11,13,12,9,6,7,7,6,8,6,6,4
TP720152,15,8,3,7,5,4,4,5,3,8,10,14,14,12,12,7
TP720183,10,6,10,7,4,13,7,7,8,9,10,7,6,6,8,4
TP720206,,,,,1,,,,,,,,1,0,0,0
TP720244,5,5,6,4,2,4,3,1,2,5,2,3,2,2,4,2
TP720275,10,12,12,12,8,12,10,3,2,7,5,5,5,6,7,4
TP720381,,,,,,,,,,1,,1,0,0,0,0
TP720411,,,,,,,,,,1,,1,2,0,0,0
TP720428,,,,,,,,,,,2,,1,0,0,0
TP720503,12,17,16,9,3,7,9,4,4,6,5,5,4,5,8,4
TP720510,5,2,2,5,2,1,2,3,2,2,2,1,1,3,2,2
TP720527,3,5,1,1,1,,,,,,,,0,0,0,0
TP720534,2,5,2,,1,,,,,,,,0,0,0,0
TP720541,2,1,,,,,,,,,,,0,0,0,0
TP720558,7,9,9,5,6,10,6,9,5,7,7,7,9,6,9,6
TP720589,9,6,9,9,8,8,9,11,6,7,7,7,10,3,10,8
TP720596,5,6,8,7,5,7,6,9,4,8,8,6,6,6,5,5
TP720602,13,10,13,13,12,12,13,12,11,10,11,10,12,7,8,10
TP720619,5,15,7,6,1,12,8,3,7,7,5,6,7,9,8,4
TP720657,,,,,,1,,,1,,1,,0,0,1,0
TP720664,,,,,,,,1,,1,1,,0,0,1,0
TP720718,7,4,6,7,9,7,5,12,4,8,9,5,5,4,7,7
TP720725,2,2,6,4,1,9,8,6,5,4,6,3,9,6,6,4
TP720732,,2,1,1,2,2,,,,,,,0,0,0,0
TP720749,,,,,,2,1,,1,,,,0,0,0,0
TP720763,2,2,1,3,1,2,1,1,1,1,4,,2,1,1,2
TP720800,6,4,4,3,3,3,5,3,1,3,4,4,4,3,3,4
TP720817,4,7,3,4,2,4,3,3,5,5,5,3,3,5,4,2
TP720824,3,3,,,4,3,2,7,4,4,1,3,6,2,4,2
TP720831,3,3,9,7,8,7,3,4,,6,6,5,8,8,7,6
TP720848,7,6,6,5,5,7,6,5,2,8,7,7,7,5,4,4
TP720855,4,4,2,3,3,3,2,2,2,5,2,1,5,2,2,2
TP720862,4,3,4,3,2,3,1,5,1,3,2,2,4,3,3,3
TP720879,9,3,2,5,9,4,6,7,4,6,5,5,7,12,16,14
TP720886,3,4,2,2,2,3,2,5,2,4,4,3,4,3,3,2
TP720893,2,,,,4,4,2,5,2,5,4,2,3,3,4,4
TP720916,1,3,2,1,,1,1,,,1,1,,0,0,1,0
TP720923,12,17,14,11,11,8,3,5,2,5,4,5,3,8,5,5
TP720930,,2,9,10,6,14,13,8,3,10,4,6,5,5,7,4
TP720954,2,1,2,3,2,8,5,8,6,2,3,1,4,10,5,6
TP720961,,,,,,,1,,,,,1,0,1,0,1
TP720978,,3,6,6,7,11,6,8,5,6,9,7,7,2,7,5
TP771201,4,3,1,,3,6,2,1,9,8,8,4,6,0,0,1
TP771225,3,3,3,3,4,3,3,3,2,3,3,2,3,3,3,2
TP771270,,,3,5,4,5,4,,5,5,5,1,0,1,0,0
TP771294,14,9,12,11,6,7,5,6,8,7,11,9,6,9,7,7
TP771379,,1,1,1,,,,,,,1,1,2,0,1,0
TP771515,7,1,5,2,9,6,7,6,6,8,9,9,6,7,7,4
TP771539,9,11,7,7,7,5,9,8,8,7,7,9,6,7,5,5
TP771553,15,10,9,8,6,4,8,5,7,10,8,5,7,5,6,4
TP771836,3,3,3,3,5,5,3,4,3,1,2,1,1,3,3,4
TP859082,3,2,7,7,7,4,3,3,3,4,3,4,6,3,5,3
TP859099,3,5,6,5,6,2,3,6,4,5,3,3,6,3,4,5
TP859334,2,3,8,10,7,3,3,3,3,3,5,3,5,7,10,7
TP859341,3,4,8,10,11,5,2,5,3,4,5,3,5,6,5,3
TP859419,7,10,10,8,8,11,10,9,5,9,3,8,10,5,6,6
TP859518,6,6,12,13,12,4,7,4,3,8,9,5,8,7,16,9
TP859600,10,7,7,5,5,10,10,7,7,7,10,6,8,7,7,8
TP859617,7,9,,,2,2,2,3,2,3,2,2,2,1,3,1
TP859648,2,7,2,4,2,2,2,1,2,2,4,3,5,3,6,5
TP859655,,,1,1,,,,,,,1,,0,0,1,0
TP859815,4,4,2,2,1,2,2,2,1,2,3,2,1,3,2,2
TP859952,5,3,3,1,2,2,2,4,1,5,4,3,3,3,3,2
TP859969,2,2,2,,1,2,2,2,2,2,2,3,1,1,1,1
TP859976,,,,,,,,,5,,9,22,11,19,12,10
TP859983,5,4,7,3,4,3,3,3,3,4,6,5,5,3,5,4
TP909505,3,4,9,4,2,3,6,3,2,2,5,3,5,2,4,2
TP909642,10,14,13,10,7,11,10,10,6,8,9,6,9,8,11,9
TP909802,3,,3,1,,8,6,3,3,3,5,4,5,3,3,3
TP909819,10,13,12,11,7,12,10,2,4,4,4,2,4,3,2,3
TP910105,2,4,4,2,,2,3,2,5,3,1,2,3,2,2,2
TP920042,2,3,3,3,3,2,4,3,1,4,4,2,2,3,2,1
TP968072,2,1,1,1,,,,,,,,,0,0,0,0
TP968157,9,8,9,5,5,10,8,9,7,14,8,11,10,8,6,6
TP968195,3,3,4,4,4,5,2,8,6,3,4,3,8,3,3,2
TP968201,6,5,6,5,4,7,7,9,4,8,5,3,5,4,4,2
TP968256,2,1,1,1,2,1,1,3,3,3,2,2,0,1,2,1
TP968324,1,,,1,,,,,,,,1,0,1,0,1
TP968409,,,1,,,,,,,,1,,1,0,0,0
TP968553,,,1,,,,,,,,1,,0,1,0,1
TP968560,,,4,4,8,14,11,6,3,2,1,2,1,2,1,2
TP968645,7,6,3,4,5,6,6,6,3,2,5,4,7,10,18,12
TP968751,13,10,11,12,13,11,8,7,6,5,9,7,9,7,8,5
TP968867,11,9,4,6,12,6,7,9,6,8,8,5,6,9,8,7
TP968881,3,3,3,4,5,6,6,9,6,10,2,2,5,4,4,3
TP968959,2,3,2,1,2,4,2,1,1,3,1,2,3,2,3,1
ULM00001,4,5,5,6,6,5,4,5,7,6,7,4,6,5,4,4
ULM00002,4,3,5,5,9,9,9,14,6,10,9,13,8,4,4,4
ULM00003,1,1,2,3,3,5,4,14,6,4,3,3,0,1,1,1
ULM00004,2,1,4,4,4,6,4,6,7,7,7,8,4,6,6,6
ULM00005,3,,4,2,6,8,6,15,4,6,6,9,5,1,1,0
ULM00010,5,6,5,4,6,9,8,8,4,7,5,7,6,5,4,5
ULM00011,11,10,10,12,10,5,,4,7,19,12,7,10,11,13,10
ULM00013,,,,,,1,,,,,,3,1,4,3,1
ULM00015,6,9,6,6,6,9,4,5,6,5,2,6,4,12,7,3
ULM00016,8,16,22,13,16,14,2,,,5,7,4,3,4,3,0
ULM00017,4,13,11,8,9,15,5,2,2,3,4,2,3,4,3,3
ULM00018,10,9,11,12,14,16,10,11,11,15,11,9,10,6,6,7
ULM00021,5,7,9,8,9,11,13,14,14,17,11,5,15,10,2,9
ULM00023,10,12,12,13,12,14,12,12,11,12,15,13,17,6,8,0
ULM00024,12,8,10,11,9,12,10,13,9,6,8,8,7,7,7,4
ULM00025,4,3,5,3,3,5,4,5,3,4,5,4,4,6,3,3
ULM00026,2,,,,,,,,,,,,0,0,0,0
ULM00027,1,1,1,,1,1,,,,1,1,,0,0,0,4
ULM00028,,,1,2,3,,1,,,,,,0,0,0,0
ULM00037,8,5,7,6,6,7,8,7,4,5,7,6,7,7,5,7
ULM00043,,2,,,3,2,2,3,2,5,4,3,2,1,1,1
ULM00045,2,3,1,,2,1,,2,2,3,2,,2,2,1,1
ULM00046,,,1,1,,,1,,1,,2,,0,1,0,0
ULM00048,2,3,3,6,3,4,4,3,4,2,3,2,4,2,3,4
ULM00049,4,2,4,2,3,4,2,3,1,4,1,3,1,2,1,3
ULM00050,5,4,5,4,6,4,2,3,3,1,2,4,7,2,4,3
ULM00052,,1,2,2,3,3,1,12,4,2,5,4,1,2,1,2
ULM00053,2,1,5,5,4,4,2,12,3,6,8,8,5,3,2,2
ULM00059,,1,,,,,1,,1,1,,1,1,0,0,0
ULM00060,,1,,,1,,,,,1,,,0,1,0,0
ULM00061,,,,,1,,,1,,3,1,1,1,2,2,1
ULM00071,4,2,3,3,3,4,4,4,2,1,4,1,3,2,2,1
ULM00072,3,1,2,4,3,3,2,2,2,3,2,2,2,3,4,1
ULM00073,8,8,10,10,7,9,11,10,7,7,8,8,10,8,7,8
ULM00080,,,,,,,1,1,1,,,1,0,0,3,1
ULM00170,3,4,1,2,5,2,1,3,1,2,4,2,3,0,3,1
ULM00171,,,,2,,,,,,,,,0,0,0,0
ULM00172,5,6,8,7,8,7,9,7,,,,,0,0,0,0
ULM00173,4,,5,3,1,1,3,1,1,2,1,2,1,3,2,1
ULM00178,,,,,1,3,8,12,7,6,6,7,6,4,6,3
ULM00179,,,,,2,3,5,12,6,10,5,9,8,5,6,4
ULM00180,17,13,12,16,12,13,14,17,10,14,20,17,17,10,5,8
ULM00191,6,1,,,,1,,,,,,,1,0,0,0
US000007,,,1,1,,,,,,,,,3,0,0,0
US000030,,,,1,,,,,,,1,,0,0,1,0
US000044,,1,,,,1,,,1,,,1,0,0,0,0
US000058,,,,,,,1,,,,,,0,0,0,0
WA000002,2,1,1,1,1,,4,3,1,2,3,2,3,1,3,3
WA000003,9,4,10,9,8,9,7,10,8,7,8,9,11,8,9,8
WT006376,,,,,,,1,,,,,,0,1,0,0
WT006390,,,,,,1,,,1,,1,,0,0,0,0
WT006413,,,,,,,,,1,,,,0,0,0,0
WT010007,3,2,1,3,2,2,2,2,1,1,2,,0,0,0,0
WT010243,1,,1,1,1,1,,1,1,,1,,1,0,0,0
WT010441,,,,,,,1,,,,,,0,0,0,0
WT010601,,,,,1,,,,,,1,,0,0,0,0
WT010656,,,,,,1,,,,,2,,0,0,0,0
WT011059,1,,1,,,,,,,,,,0,0,0,0
WT041501,,2,1,2,2,1,1,,2,2,2,1,0,0,0,0
WT093425,2,,2,2,3,1,2,1,1,1,3,1,1,0,0,0
WT095770,1,,,,1,,1,,1,,1,,0,0,0,0
WT095787,1,2,2,,1,3,,2,1,,,,1,0,0,0
WT109103,2,,1,2,1,1,1,1,2,1,2,,2,0,0,0
WT112035,3,3,4,3,5,3,5,4,2,3,4,4,2,0,0,0
WT130953,1,3,1,1,1,2,,2,1,3,2,1,0,0,0,0
WT134883,,,,,,,,,,,,1,0,0,0,0
WT135019,,1,1,1,,,,,1,1,1,,0,0,0,0
WT135040,1,,,2,,,,1,,1,,1,0,0,0,0
WT135071,1,,2,3,2,3,1,1,3,1,,1,1,0,0,0
WT135101,,1,1,,1,1,1,,1,1,1,,0,0,0,0
WT135132,1,,,,,,,,2,1,,,0,0,0,0
WT139068,,,,,,,,,,,1,,0,0,0,0
WT139355,,,,1,,,1,,1,,,1,0,0,0,0
WT152031,,,,,,2,,,,,1,,0,0,0,0
WT153786,2,,,,,,,,,,,,0,0,0,0
WT153878,,1,,1,,1,,,1,,,,1,0,0,0
WT182083,5,4,4,6,5,5,6,5,2,6,6,6,4,0,0,0
WT182106,6,5,5,8,9,7,7,7,5,6,5,3,0,0,0,0
WT183264,1,1,,1,1,1,1,,1,,1,1,0,0,0,0
WT204178,,,,,,,,,,,1,,0,0,0,0
WT204185,,,,,,,,,,2,,1,0,0,0,0
WT206325,,,,,2,,,,,1,,,0,2,0,0
WT221489,,,,,,,,,,,1,,0,0,0,0
WT222011,,,,,2,1,1,,,1,2,,2,0,0,1
WT222028,,,,1,1,1,1,,,2,,2,1,1,0,0
WT222035,,,,,1,,,,,,,,0,0,3,1
WT222523,,,,,3,,,,,,,,0,0,0,0
WT230061,,,1,,,,,,,,,,0,0,0,0
WT230417,,,,,1,,,,,,,,0,0,0,0
WT230948,1,1,,,1,1,1,,,,1,,0,0,0,0
WT233185,,,,,,,,3,1,3,1,1,1,0,0,0
WT240039,,,,,,,,,1,,,,0,0,0,0
WT240077,,,,1,,,,,,,,,0,1,0,0
WT242507,,,,,,,,,,,,1,0,1,0,0
WT248207,,,1,,,,,,,1,,1,0,0,0,0
WT248221,,1,2,1,,1,,,,,,,2,0,0,0
WT254979,,,,,1,,,,,,,,0,0,0,0
WT258229,,,,,,,,,,1,,,0,0,0,0
WT274478,,,,,1,,,,2,,,,0,0,0,0
WT312558,,,,,1,,,,,,,,0,0,0,0
WT318523,,,,,,,1,1,,,,,0,0,0,0
WT328476,,,,,1,,,,,,,,0,0,0,0
WT362355,2,,,,,,,,,,,,0,0,0,0
WT403447,1,,,,,,,,,,,,0,0,0,0
WT403478,1,,,,,,,,,,,,0,0,0,0
WT403508,1,,,,,2,,,,,,,0,0,0,0
WT403522,1,,,,,,,,,,,,0,0,0,0
WT420287,,,,,,,,,,,1,,0,0,0,0
WT420362,,,,,,,,,,,,1,1,0,0,0
WT420386,,,,,,,,,,,,2,1,0,0,0
WT432317,2,2,3,3,3,2,3,3,2,3,2,2,0,0,0,0
WT455504,,,,1,1,,,,,,1,,0,0,0,0
WT472985,,1,,,,,,,,,,,0,0,0,0
WT473067,,,,,,,,,,,1,1,0,0,0,0
WT473081,1,2,2,1,2,1,1,1,1,2,2,1,2,0,0,0
WT473104,,,,2,1,1,1,1,1,1,1,1,0,0,0,0
WT473128,1,,1,1,1,,,,,,1,,0,0,0,0
WT473289,,,,,1,1,,,,,1,,0,0,0,0
WT473302,,,,,,,,,,1,,,1,0,0,0
WT473340,,,,1,1,,,,2,,,,0,0,0,0
WT473425,3,1,1,3,1,2,1,1,2,1,3,1,3,0,0,0
WT473449,,,,,1,,,,,1,,,1,0,0,0
WT473487,1,1,2,1,,2,,2,1,1,,1,1,0,0,0
WT473524,2,1,2,3,1,,2,,2,,1,,0,0,0,0
WT473548,,,,,1,,1,,,,,,1,0,0,0
WT473586,,,,1,,1,1,,1,,,,1,0,0,0
WT473609,1,2,2,1,1,,2,1,1,1,2,,0,0,0,0
WT473623,,,,,,,,,1,1,,,0,0,0,0
WT473647,,,1,,,,,,,,,,0,0,0,0
WT473661,2,2,1,,1,1,,1,1,1,,1,1,0,0,0
WT475542,,,,1,,,,,,1,,1,0,0,0,0
WT475665,,,,,,1,,,1,,,1,0,0,0,0
WT475689,2,2,2,1,2,2,1,1,1,2,1,1,1,0,0,0
WT475702,2,2,2,1,1,1,2,1,1,1,2,1,1,0,0,0
WT475726,,,,,1,1,,1,,,1,1,0,0,0,0
WT475740,,,1,,1,,,,1,,,,0,0,0,0
WT475801,,,,,,,,,,,1,,0,0,0,0
WT475849,,,,,,,1,,1,1,,1,0,0,0,0
WT475863,,,,,,,,,,,1,,0,0,0,0
WT475887,,,,1,,,,,,,1,2,0,0,0,0
WT475924,,,,,,,,,,1,,,0,0,0,0
WT488970,1,,1,,1,,,,2,,,1,0,0,0,0
WT489151,,,1,2,1,3,1,,,6,1,,1,0,0,0
WT489335,,1,,,1,,,,,1,,1,0,0,0,0
WT492953,,,,,,1,,,,,,,1,0,0,0
WT500130,10,7,7,4,,9,7,10,4,6,7,6,5,0,0,0
WT500185,4,1,2,3,,2,1,2,2,3,2,2,1,0,0,0
WT500291,,,,,1,,,,,1,,,0,0,0,0
WT500345,,,,,,,,,,1,1,1,0,0,0,0
WT500420,4,1,3,4,4,4,1,2,4,4,2,5,2,0,0,0
WT500437,12,7,9,8,10,9,6,7,4,10,8,5,3,0,0,0
WT500444,3,1,3,2,1,3,2,2,2,2,2,2,3,0,0,0
WT500468,3,2,2,8,4,,,7,2,2,3,3,1,0,0,0
WT507956,,,,,1,,2,,,1,2,,0,0,0,0
WT517955,6,6,5,7,4,6,4,6,4,5,6,6,5,0,0,0
WT518235,,,,,1,,,,,,,,0,0,0,0
WT518327,1,,,,,,,,,,,,0,0,0,0
WT518419,1,,,,,,,,,,,,0,0,0,0
WT518594,,,1,,1,,1,,1,,2,,1,0,0,0
WT533105,,,,,,,,,1,,,,0,0,0,0
WT533129,2,1,2,,1,2,1,2,,2,2,1,3,0,0,0
WT541653,,,,,1,1,,,,,,,0,0,0,0
WT567484,1,1,,,,,,1,1,,,1,0,0,0,0
WT567507,2,1,4,5,6,4,3,3,4,6,4,4,3,0,0,0
WT568454,10,4,5,2,4,2,3,6,1,11,9,6,8,5,4,2
WT568461,12,7,8,7,7,9,9,7,8,17,9,6,10,7,4,3
WT568539,14,7,7,8,9,11,11,5,2,5,3,7,6,4,3,2
WT683100,,,,,,,,,,,1,,0,0,0,0
WT683131,,,,1,,,,,1,,1,1,0,0,0,0
WT683223,,,,,,1,,,,,,,0,0,0,0
WT774134,,,,,,,1,,,,,,0,0,0,0
WT774233,,,,,,,,,1,,1,,0,0,0,0
WT774257,,1,,,,,,1,1,2,2,1,1,0,0,0
WT774332,,,,1,,,,,,,,,0,0,0,0
WT775971,1,1,,1,,,,,1,,1,,1,0,0,0
WT775988,,,,1,1,1,3,1,2,,,,1,0,0,0
WT776220,11,9,10,10,10,12,11,4,2,1,,,0,0,0,0
WT809126,2,,1,1,2,,1,,2,,2,1,1,0,0,0
WT809171,,1,1,,1,1,2,1,1,,,1,0,0,0,0
WT809256,,1,3,,1,,1,1,2,,,1,1,0,0,0
WT840174,,,,,1,,1,,,,,,0,0,0,0
WT842721,,,1,1,1,,,,,,,,0,0,0,0
WT842752,,,,1,1,1,1,,,1,,2,0,0,0,0
WT842783,,,,,,2,1,,1,1,1,,0,0,0,0
WT842813,,,,1,1,,,1,,,,,0,0,0,0
WT842844,,,,,,1,,,,,,,0,0,0,0
WT876472,,,,,,,,,,1,,,0,0,0,0
WT876588,,,,,,,,,1,,1,,0,0,0,0
WT905903,,,,,1,,,,,,,,1,0,0,0
WT916527,,,1,,,,,,,,,,0,0,0,0
WT917694,,,,2,,,,,,,,,0,0,0,0
WT917717,,,2,,,,,,,,,,0,0,0,0
WT930367,,,2,1,2,1,1,1,1,3,4,2,1,0,0,0
WT931773,7,2,,4,4,3,6,4,,,,,0,0,0,0
WT972141,,,,,1,,,,,,,,0,0,0,0
ZA000008,3,2,2,2,2,3,2,4,2,3,4,3,3,3,3,3
ZA000009,2,1,,1,2,,2,,1,1,,1,2,2,2,1
ZA000010,4,2,2,4,2,2,3,,1,1,2,,2,1,3,2
ZA000011,1,1,3,1,,,,,1,,1,1,1,1,1,0
ZA000012,1,1,,,1,,,,,,,,0,1,0,0
ZA000013,1,1,,1,1,1,1,1,1,1,1,,3,0,0,1
ZA000014,,1,1,1,1,,1,1,,1,,,0,0,0,0
ZA000015,2,,2,,2,2,1,1,1,2,1,2,1,1,1,2
ZA000016,1,2,2,1,2,2,2,2,1,2,3,2,2,2,2,1
ZA000017,2,4,3,3,6,5,3,3,2,5,3,4,4,3,4,3
ZA000018,2,3,3,3,4,4,2,4,2,4,4,3,3,3,3,3
ZA000019,3,1,4,2,1,2,2,1,2,2,4,2,4,2,3,2
ZA000022,,,,,,,2,,,1,,,0,1,0,0
ZA000023,2,4,2,1,2,2,2,3,1,3,2,3,3,2,2,3
ZA000024,5,5,,,3,6,7,6,6,10,5,7,9,7,7,8
ZA000033,3,1,,,1,1,,,,1,,,1,0,1,0
ZA000034,,3,1,2,1,1,2,1,2,4,3,3,4,2,1,2
ZA000036,5,4,5,5,8,10,9,7,5,11,8,13,8,0,7,5
ZA000037,2,4,2,2,6,5,5,4,3,6,8,15,8,3,6,4
ZA000044,1,1,2,,,1,1,1,,1,1,1,1,1,2,1
ZA000046,2,2,2,2,3,2,3,2,3,2,3,2,3,2,3,3
ZA000047,,2,2,1,1,2,1,2,1,2,1,2,1,3,2,1
ZA000049,1,,2,2,,2,1,3,1,1,2,1,2,2,2,2
ZA000051,,,,,2,5,8,12,7,8,5,4,7,6,6,1
ZA000053,1,,2,1,1,,2,1,1,1,2,1,1,1,2,1
ZA000054,1,2,2,2,1,1,3,2,,3,2,2,3,3,1,3
ZA000078,,,,,,,,,1,,,,0,0,0,0
ZAR00001,1,2,1,1,1,2,1,2,,2,1,1,3,0,1,0
ZAR00002,1,1,,1,,2,,2,1,1,1,2,0,2,0,1
ZC000002,8,2,11,10,9,9,8,13,5,9,10,7,7,0,0,0
sum,7247,6289,6952,7350,7500,7574,7329,7439,5172,7411,7241,6665,7166,5750,6391,4966
